<?xml version = '1.0' encoding = 'UTF-8'?>
<Table class="oracle.dbtools.crest.model.design.relational.Table" directorySegmentName="seg_0" id="22E8CF16-EA8D-4515-465E-8A956B6B3535" name="Relation_12">
<createdBy>fonat</createdBy>
<createdTime>2026-02-10 02:55:20 UTC</createdTime>
<ownerDesignName>Retail_Solari_SA</ownerDesignName>
<allowColumnReorder>false</allowColumnReorder>
<existDependencyGenerateInDDl>true</existDependencyGenerateInDDl>
<parsed>true</parsed>
<columns itemClass="oracle.dbtools.crest.model.design.relational.Column">
<Column name="PROVEEDOR_rut" id="D6C91CC1-AC5C-2B7B-2750-64542ADCDAE7">
<createdBy>fonat</createdBy>
<createdTime>2026-02-10 02:55:20 UTC</createdTime>
<ownerDesignName>Retail_Solari_SA</ownerDesignName>
<useDomainConstraints>false</useDomainConstraints>
<use>1</use>
<logicalDatatype>LOGDT019</logicalDatatype>
<ownDataTypeParameters>,,</ownDataTypeParameters>
<previousColumn>false</previousColumn>
<autoIncrementCycle>false</autoIncrementCycle>
<associations>
<colAssociation fkAssociation="59AA525D-B855-366C-85EF-5854A9945551" referredColumn="84E85F2C-EFEE-B247-183E-19FFB41EEECC"/>
</associations>
</Column>
<Column name="PRODUCTO_id_producto" id="C756C23F-2CEB-40AA-BC8B-A3DF0AEE6690">
<createdBy>fonat</createdBy>
<createdTime>2026-02-10 02:55:20 UTC</createdTime>
<ownerDesignName>Retail_Solari_SA</ownerDesignName>
<useDomainConstraints>false</useDomainConstraints>
<use>1</use>
<logicalDatatype>LOGDT019</logicalDatatype>
<ownDataTypeParameters>,,</ownDataTypeParameters>
<previousColumn>false</previousColumn>
<autoIncrementCycle>false</autoIncrementCycle>
<associations>
<colAssociation fkAssociation="EFA7F14A-84AC-69EB-2A8F-1115FD4A250F" referredColumn="EC0370DF-D72E-FB77-F8E3-57B22D9A66A5"/>
</associations>
</Column>
<Column name="PRODUCTO_sigla" id="1B05A909-BA10-5797-5585-C1C10324C407">
<createdBy>fonat</createdBy>
<createdTime>2026-02-10 02:55:20 UTC</createdTime>
<ownerDesignName>Retail_Solari_SA</ownerDesignName>
<useDomainConstraints>false</useDomainConstraints>
<use>1</use>
<logicalDatatype>LOGDT024</logicalDatatype>
<ownDataTypeParameters>,,</ownDataTypeParameters>
<previousColumn>false</previousColumn>
<autoIncrementCycle>false</autoIncrementCycle>
<associations>
<colAssociation fkAssociation="EFA7F14A-84AC-69EB-2A8F-1115FD4A250F" referredColumn="96B97E09-95D8-13DC-AD40-58C81E69020F"/>
</associations>
</Column>
</columns>
<indexes itemClass="oracle.dbtools.crest.model.design.relational.Index">
<ind_PK_UK id="F0719CF9-A88B-5043-A331-64D51EF2EA47" name="Relation_12_PK">
<createdBy>fonat</createdBy>
<createdTime>2026-02-10 02:55:20 UTC</createdTime>
<ownerDesignName>Retail_Solari_SA</ownerDesignName>
<pk>true</pk>
<indexState>Primary Constraint</indexState>
<isSurrogateKey>false</isSurrogateKey>
<indexColumnUsage>
<colUsage columnID="D6C91CC1-AC5C-2B7B-2750-64542ADCDAE7"/>
<colUsage columnID="C756C23F-2CEB-40AA-BC8B-A3DF0AEE6690"/>
<colUsage columnID="1B05A909-BA10-5797-5585-C1C10324C407"/>
</indexColumnUsage>
</ind_PK_UK>
<ind_PK_UK id="DA4B4A66-4809-3AC9-AF57-FA8F2336E6C4" name="Relation_12_PROVEEDOR_FK">
<createdBy>fonat</createdBy>
<createdTime>2026-02-10 02:55:20 UTC</createdTime>
<generatorID>78036815-F150-A40A-0473-7968A8093DF2</generatorID>
<ownerDesignName>Retail_Solari_SA</ownerDesignName>
<indexState>Foreign Key</indexState>
<isSurrogateKey>false</isSurrogateKey>
<indexColumnUsage>
<colUsage columnID="D6C91CC1-AC5C-2B7B-2750-64542ADCDAE7"/>
</indexColumnUsage>
</ind_PK_UK>
<ind_PK_UK id="1FFC3327-745A-CB6F-B50C-7C5338A795AB" name="Relation_12_PRODUCTO_FK">
<createdBy>fonat</createdBy>
<createdTime>2026-02-10 02:55:20 UTC</createdTime>
<generatorID>78036815-F150-A40A-0473-7968A8093DF2</generatorID>
<ownerDesignName>Retail_Solari_SA</ownerDesignName>
<indexState>Foreign Key</indexState>
<isSurrogateKey>false</isSurrogateKey>
<indexColumnUsage>
<colUsage columnID="C756C23F-2CEB-40AA-BC8B-A3DF0AEE6690"/>
<colUsage columnID="1B05A909-BA10-5797-5585-C1C10324C407"/>
</indexColumnUsage>
</ind_PK_UK>
</indexes>
</Table>