<?xml version = '1.0' encoding = 'UTF-8'?>
<Table class="oracle.dbtools.crest.model.design.relational.Table" directorySegmentName="seg_0" id="545AFF4C-0F03-0647-B1AE-09FF139A8965" name="PERSONA_NATURAL">
<createdBy>fonat</createdBy>
<createdTime>2026-02-10 02:55:20 UTC</createdTime>
<generatorID>D7E5567C-D333-A109-A366-E6105E8BC97A</generatorID>
<ownerDesignName>Retail_Solari_SA</ownerDesignName>
<allowColumnReorder>false</allowColumnReorder>
<existDependencyGenerateInDDl>true</existDependencyGenerateInDDl>
<parsed>true</parsed>
<columns itemClass="oracle.dbtools.crest.model.design.relational.Column">
<Column name="rut" id="DF2619DD-ACE4-C67E-78D0-105AD435CB8F">
<createdBy>fonat</createdBy>
<createdTime>2026-02-10 02:55:20 UTC</createdTime>
<generatorID>0923CEAA-9A99-67CC-598F-0A2A2030C47E</generatorID>
<ownerDesignName>Retail_Solari_SA</ownerDesignName>
<useDomainConstraints>false</useDomainConstraints>
<use>1</use>
<logicalDatatype>LOGDT019</logicalDatatype>
<ownDataTypeParameters>,,</ownDataTypeParameters>
<autoIncrementCycle>false</autoIncrementCycle>
<associations>
<colAssociation fkAssociation="14ECE90E-62DC-FE16-D5C1-F3AA621A39CF" referredColumn="84E85F2C-EFEE-B247-183E-19FFB41EEECC"/>
</associations>
</Column>
<Column name="nombres" id="DA00FE9F-FD36-BBA9-9AED-4855890FC9A3">
<createdBy>fonat</createdBy>
<createdTime>2026-02-10 02:55:20 UTC</createdTime>
<generatorID>4CF26129-75EB-185A-CC79-87C5D82C5DBE</generatorID>
<ownerDesignName>Retail_Solari_SA</ownerDesignName>
<useDomainConstraints>false</useDomainConstraints>
<use>1</use>
<logicalDatatype>LOGDT024</logicalDatatype>
<ownDataTypeParameters>,,</ownDataTypeParameters>
<autoIncrementCycle>false</autoIncrementCycle>
</Column>
<Column name="apellido_paterno" id="7B325F15-0A49-A3D4-F97C-34E0D197E440">
<createdBy>fonat</createdBy>
<createdTime>2026-02-10 02:55:20 UTC</createdTime>
<generatorID>2AEE24C1-3AAA-E062-B99A-C03B87BA482E</generatorID>
<ownerDesignName>Retail_Solari_SA</ownerDesignName>
<useDomainConstraints>false</useDomainConstraints>
<use>1</use>
<logicalDatatype>LOGDT024</logicalDatatype>
<ownDataTypeParameters>,,</ownDataTypeParameters>
<autoIncrementCycle>false</autoIncrementCycle>
</Column>
<Column name="apellido_materno" id="C6C0E638-45A4-AED9-568E-2BECF67DE0A4">
<createdBy>fonat</createdBy>
<createdTime>2026-02-10 02:55:20 UTC</createdTime>
<generatorID>DA5E32B9-2272-58D6-D46B-D829CA7E6586</generatorID>
<ownerDesignName>Retail_Solari_SA</ownerDesignName>
<useDomainConstraints>false</useDomainConstraints>
<use>1</use>
<logicalDatatype>LOGDT024</logicalDatatype>
<ownDataTypeParameters>,,</ownDataTypeParameters>
<autoIncrementCycle>false</autoIncrementCycle>
</Column>
</columns>
<indexes itemClass="oracle.dbtools.crest.model.design.relational.Index">
<ind_PK_UK id="0896AE56-B562-5954-82E4-4CA5FB13F8A1" name="PERSONA_NATURAL_PK">
<createdBy>fonat</createdBy>
<createdTime>2026-02-10 02:55:20 UTC</createdTime>
<generatorID>E1DAF865-9B7D-0FA6-9A57-CE47275614D4</generatorID>
<ownerDesignName>Retail_Solari_SA</ownerDesignName>
<pk>true</pk>
<indexState>Primary Constraint</indexState>
<isSurrogateKey>false</isSurrogateKey>
<indexColumnUsage>
<colUsage columnID="DF2619DD-ACE4-C67E-78D0-105AD435CB8F"/>
</indexColumnUsage>
</ind_PK_UK>
<ind_PK_UK id="612E3FB4-83E5-6BD6-C8A1-E7B9F2F250FE" name="PERSONA_NATURAL_PROVEEDOR_FK">
<createdBy>fonat</createdBy>
<createdTime>2026-02-10 02:55:20 UTC</createdTime>
<generatorID>75AC97D7-E897-4400-6281-B120522363BA</generatorID>
<ownerDesignName>Retail_Solari_SA</ownerDesignName>
<indexState>Foreign Key</indexState>
<isSurrogateKey>false</isSurrogateKey>
<indexColumnUsage>
<colUsage columnID="DF2619DD-ACE4-C67E-78D0-105AD435CB8F"/>
</indexColumnUsage>
</ind_PK_UK>
</indexes>
</Table>