<?xml version = '1.0' encoding = 'UTF-8'?>
<Table class="oracle.dbtools.crest.model.design.relational.Table" directorySegmentName="seg_0" id="61ADA819-E7AC-53C3-931F-3603E98C7026" name="CLIENTE">
<createdBy>fonat</createdBy>
<createdTime>2026-02-10 02:55:20 UTC</createdTime>
<generatorID>BC1C3C48-9F59-F3D0-9290-CBF36DA23E07</generatorID>
<ownerDesignName>Retail_Solari_SA</ownerDesignName>
<allowColumnReorder>false</allowColumnReorder>
<existDependencyGenerateInDDl>true</existDependencyGenerateInDDl>
<parsed>true</parsed>
<columns itemClass="oracle.dbtools.crest.model.design.relational.Column">
<Column name="id_cliente" id="484085A1-F394-C2E0-922D-6AFA1B2A569E">
<createdBy>fonat</createdBy>
<createdTime>2026-02-10 02:55:20 UTC</createdTime>
<generatorID>2569D426-596C-5327-712E-8CA5109848A9</generatorID>
<ownerDesignName>Retail_Solari_SA</ownerDesignName>
<useDomainConstraints>false</useDomainConstraints>
<use>1</use>
<logicalDatatype>LOGDT019</logicalDatatype>
<ownDataTypeParameters>,,</ownDataTypeParameters>
<autoIncrementCycle>false</autoIncrementCycle>
</Column>
<Column name="nombres" id="728389FF-DF18-5A28-0981-B0495C2DA190">
<createdBy>fonat</createdBy>
<createdTime>2026-02-10 02:55:20 UTC</createdTime>
<generatorID>2DACE741-214D-68B6-2E50-352699374782</generatorID>
<ownerDesignName>Retail_Solari_SA</ownerDesignName>
<useDomainConstraints>false</useDomainConstraints>
<use>1</use>
<logicalDatatype>LOGDT024</logicalDatatype>
<ownDataTypeParameters>,,</ownDataTypeParameters>
<autoIncrementCycle>false</autoIncrementCycle>
</Column>
<Column name="apellido_paterno" id="31846D69-BD6A-257F-CE59-05FEE445C4E7">
<createdBy>fonat</createdBy>
<createdTime>2026-02-10 02:55:20 UTC</createdTime>
<generatorID>DE597E40-BFE4-D9FD-E059-CAD72C92C123</generatorID>
<ownerDesignName>Retail_Solari_SA</ownerDesignName>
<useDomainConstraints>false</useDomainConstraints>
<use>1</use>
<logicalDatatype>LOGDT024</logicalDatatype>
<ownDataTypeParameters>,,</ownDataTypeParameters>
<autoIncrementCycle>false</autoIncrementCycle>
</Column>
<Column name="apellido_materno" id="34B829BB-05EA-B8EE-8849-789F07B44F17">
<createdBy>fonat</createdBy>
<createdTime>2026-02-10 02:55:20 UTC</createdTime>
<generatorID>D61D3585-DDDB-46AA-EBC2-0D26D3238652</generatorID>
<ownerDesignName>Retail_Solari_SA</ownerDesignName>
<nullsAllowed>true</nullsAllowed>
<useDomainConstraints>false</useDomainConstraints>
<use>1</use>
<logicalDatatype>LOGDT024</logicalDatatype>
<ownDataTypeParameters>,,</ownDataTypeParameters>
<autoIncrementCycle>false</autoIncrementCycle>
</Column>
<Column name="telefono" id="E4B4571C-BF6A-762C-A503-06B6D4BBDA07">
<createdBy>fonat</createdBy>
<createdTime>2026-02-10 02:55:20 UTC</createdTime>
<generatorID>A0B99DF5-3C6D-D6EC-8EDA-F405C472380E</generatorID>
<ownerDesignName>Retail_Solari_SA</ownerDesignName>
<useDomainConstraints>false</useDomainConstraints>
<use>1</use>
<logicalDatatype>LOGDT024</logicalDatatype>
<ownDataTypeParameters>,,</ownDataTypeParameters>
<autoIncrementCycle>false</autoIncrementCycle>
</Column>
<Column name="COMUNA_cod_comuna" id="A65B21DF-C987-224C-CD39-AF4A79C056C2">
<createdBy>fonat</createdBy>
<createdTime>2026-02-10 02:55:20 UTC</createdTime>
<generatorID>CB5A4B78-EF75-438E-4450-BF4DE7F82161</generatorID>
<ownerDesignName>Retail_Solari_SA</ownerDesignName>
<useDomainConstraints>false</useDomainConstraints>
<use>1</use>
<logicalDatatype>LOGDT019</logicalDatatype>
<ownDataTypeParameters>,,</ownDataTypeParameters>
<previousColumn>false</previousColumn>
<autoIncrementCycle>false</autoIncrementCycle>
<associations>
<colAssociation fkAssociation="3F6719E0-3029-9CC3-BCD3-FE003F9DABC6" referredColumn="D3179277-AE82-6A2D-DE54-8380C3AF7897"/>
</associations>
</Column>
</columns>
<indexes itemClass="oracle.dbtools.crest.model.design.relational.Index">
<ind_PK_UK id="B72E357C-5BDC-E323-0936-1E06C955D0F4" name="CLIENTE_PK">
<createdBy>fonat</createdBy>
<createdTime>2026-02-10 02:55:20 UTC</createdTime>
<generatorID>F9115AA5-7674-EA0D-D1F4-CFAC0E2FEDB6</generatorID>
<ownerDesignName>Retail_Solari_SA</ownerDesignName>
<pk>true</pk>
<indexState>Primary Constraint</indexState>
<isSurrogateKey>false</isSurrogateKey>
<indexColumnUsage>
<colUsage columnID="484085A1-F394-C2E0-922D-6AFA1B2A569E"/>
</indexColumnUsage>
</ind_PK_UK>
<ind_PK_UK id="3E80F703-5B41-6F5A-9416-6B945F39B4FE" name="CLIENTE_COMUNA_FK">
<createdBy>fonat</createdBy>
<createdTime>2026-02-10 02:55:20 UTC</createdTime>
<generatorID>11B20147-563A-EE82-EDE0-423D32DD799A</generatorID>
<ownerDesignName>Retail_Solari_SA</ownerDesignName>
<indexState>Foreign Key</indexState>
<isSurrogateKey>false</isSurrogateKey>
<indexColumnUsage>
<colUsage columnID="A65B21DF-C987-224C-CD39-AF4A79C056C2"/>
</indexColumnUsage>
</ind_PK_UK>
</indexes>
</Table>