<?xml version = '1.0' encoding = 'UTF-8'?>
<Table class="oracle.dbtools.crest.model.design.relational.Table" directorySegmentName="seg_0" id="61EF3016-1493-9034-B00D-14B2A5635C41" name="DETALLE_BOLETA">
<createdBy>fonat</createdBy>
<createdTime>2026-02-10 02:55:20 UTC</createdTime>
<generatorID>C1F7F4B0-A584-C571-F58B-30147AA790EF</generatorID>
<ownerDesignName>Retail_Solari_SA</ownerDesignName>
<allowColumnReorder>false</allowColumnReorder>
<existDependencyGenerateInDDl>true</existDependencyGenerateInDDl>
<parsed>true</parsed>
<columns itemClass="oracle.dbtools.crest.model.design.relational.Column">
<Column name="nro_linea" id="BF86A9C2-49D1-FEEA-1EE1-CA2EA647B228">
<createdBy>fonat</createdBy>
<createdTime>2026-02-10 02:55:20 UTC</createdTime>
<generatorID>C491B5FC-24F4-0314-E24B-EBF6FA0949CE</generatorID>
<ownerDesignName>Retail_Solari_SA</ownerDesignName>
<useDomainConstraints>false</useDomainConstraints>
<use>1</use>
<logicalDatatype>LOGDT019</logicalDatatype>
<ownDataTypeParameters>,,</ownDataTypeParameters>
<autoIncrementCycle>false</autoIncrementCycle>
</Column>
<Column name="cantidad" id="E9DADC4E-C4D0-4EC8-8DC0-6C5AE626B4EE">
<createdBy>fonat</createdBy>
<createdTime>2026-02-10 02:55:20 UTC</createdTime>
<generatorID>45DC2944-D3BD-6466-B4A9-897031EF1888</generatorID>
<ownerDesignName>Retail_Solari_SA</ownerDesignName>
<useDomainConstraints>false</useDomainConstraints>
<use>1</use>
<logicalDatatype>LOGDT019</logicalDatatype>
<ownDataTypeParameters>,,</ownDataTypeParameters>
<autoIncrementCycle>false</autoIncrementCycle>
</Column>
<Column name="precio_unitario" id="E4B68EA1-32B3-26EA-F6CE-796AAA25759C">
<createdBy>fonat</createdBy>
<createdTime>2026-02-10 02:55:20 UTC</createdTime>
<generatorID>33182D09-6289-34F9-10C9-A39A8B75B4D3</generatorID>
<ownerDesignName>Retail_Solari_SA</ownerDesignName>
<useDomainConstraints>false</useDomainConstraints>
<use>1</use>
<logicalDatatype>LOGDT019</logicalDatatype>
<ownDataTypeParameters>,,</ownDataTypeParameters>
<autoIncrementCycle>false</autoIncrementCycle>
</Column>
<Column name="BOLETA_nro_boleta" id="2C9C3AF2-F462-9293-3A0C-62FAC6C44C7C">
<createdBy>fonat</createdBy>
<createdTime>2026-02-10 02:55:20 UTC</createdTime>
<generatorID>2E1451CA-93BC-1BD4-156B-236ADAA9D2F2</generatorID>
<ownerDesignName>Retail_Solari_SA</ownerDesignName>
<useDomainConstraints>false</useDomainConstraints>
<use>1</use>
<logicalDatatype>LOGDT019</logicalDatatype>
<ownDataTypeParameters>,,</ownDataTypeParameters>
<previousColumn>false</previousColumn>
<autoIncrementCycle>false</autoIncrementCycle>
<associations>
<colAssociation fkAssociation="E34ACDA8-05E3-2AEB-FAD0-4BAECC9018D8" referredColumn="7BA9C7DF-9171-7E8A-023B-5BE535633DB6"/>
</associations>
</Column>
<Column name="PRODUCTO_id_producto" id="998E2AEB-4438-E01E-12FF-539CF951C5FE">
<createdBy>fonat</createdBy>
<createdTime>2026-02-10 02:55:20 UTC</createdTime>
<generatorID>66FF08EB-D87A-C970-6EF5-4358821E5B56</generatorID>
<ownerDesignName>Retail_Solari_SA</ownerDesignName>
<useDomainConstraints>false</useDomainConstraints>
<use>1</use>
<logicalDatatype>LOGDT019</logicalDatatype>
<ownDataTypeParameters>,,</ownDataTypeParameters>
<previousColumn>false</previousColumn>
<autoIncrementCycle>false</autoIncrementCycle>
<associations>
<colAssociation fkAssociation="F5E1C163-BE1E-8EAB-58CD-0CD6C66A36F3" referredColumn="EC0370DF-D72E-FB77-F8E3-57B22D9A66A5"/>
</associations>
</Column>
<Column name="PRODUCTO_sigla" id="AE60E3CA-51DC-22DC-D974-FA7C5421641B">
<createdBy>fonat</createdBy>
<createdTime>2026-02-10 02:55:20 UTC</createdTime>
<generatorID>AE6BEEFF-FCDF-75A1-5DED-AB9A001FA2D4</generatorID>
<ownerDesignName>Retail_Solari_SA</ownerDesignName>
<useDomainConstraints>false</useDomainConstraints>
<use>1</use>
<logicalDatatype>LOGDT024</logicalDatatype>
<ownDataTypeParameters>,,</ownDataTypeParameters>
<previousColumn>false</previousColumn>
<autoIncrementCycle>false</autoIncrementCycle>
<associations>
<colAssociation fkAssociation="F5E1C163-BE1E-8EAB-58CD-0CD6C66A36F3" referredColumn="96B97E09-95D8-13DC-AD40-58C81E69020F"/>
</associations>
</Column>
</columns>
<indexes itemClass="oracle.dbtools.crest.model.design.relational.Index">
<ind_PK_UK id="DCC4BE1E-CD69-9F45-D216-4CC29AA347CF" name="DETALLE_BOLETA_PK">
<createdBy>fonat</createdBy>
<createdTime>2026-02-10 02:55:20 UTC</createdTime>
<generatorID>19FAC7AD-A76B-2F85-4E89-E3C6162BB1F8</generatorID>
<ownerDesignName>Retail_Solari_SA</ownerDesignName>
<pk>true</pk>
<indexState>Primary Constraint</indexState>
<isSurrogateKey>false</isSurrogateKey>
<indexColumnUsage>
<colUsage columnID="BF86A9C2-49D1-FEEA-1EE1-CA2EA647B228"/>
<colUsage columnID="2C9C3AF2-F462-9293-3A0C-62FAC6C44C7C"/>
</indexColumnUsage>
</ind_PK_UK>
<ind_PK_UK id="6E181403-A45E-7A1C-D030-5AA03B1BAE16" name="DETALLE_BOLETA_PRODUCTO_FK">
<createdBy>fonat</createdBy>
<createdTime>2026-02-10 02:55:20 UTC</createdTime>
<generatorID>4C568C19-18DB-44C5-196F-F3C64FE5A55A</generatorID>
<ownerDesignName>Retail_Solari_SA</ownerDesignName>
<indexState>Foreign Key</indexState>
<isSurrogateKey>false</isSurrogateKey>
<indexColumnUsage>
<colUsage columnID="998E2AEB-4438-E01E-12FF-539CF951C5FE"/>
<colUsage columnID="AE60E3CA-51DC-22DC-D974-FA7C5421641B"/>
</indexColumnUsage>
</ind_PK_UK>
<ind_PK_UK id="BF6686EC-7117-12B2-C82C-0C9FAECC70F0" name="DETALLE_BOLETA_BOLETA_FK">
<createdBy>fonat</createdBy>
<createdTime>2026-02-10 02:55:20 UTC</createdTime>
<generatorID>8FC085E4-B601-63BD-BD9A-B371A54B8568</generatorID>
<ownerDesignName>Retail_Solari_SA</ownerDesignName>
<indexState>Foreign Key</indexState>
<isSurrogateKey>false</isSurrogateKey>
<indexColumnUsage>
<colUsage columnID="2C9C3AF2-F462-9293-3A0C-62FAC6C44C7C"/>
</indexColumnUsage>
</ind_PK_UK>
</indexes>
</Table>