<?xml version = '1.0' encoding = 'UTF-8'?>
<Table class="oracle.dbtools.crest.model.design.relational.Table" directorySegmentName="seg_0" id="9642FCDB-FC40-95F7-54B7-68DE43158A5E" name="EMPRESA">
<createdBy>fonat</createdBy>
<createdTime>2026-02-10 02:55:20 UTC</createdTime>
<generatorID>CC43A198-C6B8-7251-2F34-1D2C8AA95BC2</generatorID>
<ownerDesignName>Retail_Solari_SA</ownerDesignName>
<allowColumnReorder>false</allowColumnReorder>
<existDependencyGenerateInDDl>true</existDependencyGenerateInDDl>
<parsed>true</parsed>
<columns itemClass="oracle.dbtools.crest.model.design.relational.Column">
<Column name="rut" id="C934D1E0-88AB-EC31-9957-070D5C673275">
<createdBy>fonat</createdBy>
<createdTime>2026-02-10 02:55:20 UTC</createdTime>
<generatorID>0923CEAA-9A99-67CC-598F-0A2A2030C47E</generatorID>
<ownerDesignName>Retail_Solari_SA</ownerDesignName>
<useDomainConstraints>false</useDomainConstraints>
<use>1</use>
<logicalDatatype>LOGDT019</logicalDatatype>
<ownDataTypeParameters>,,</ownDataTypeParameters>
<autoIncrementCycle>false</autoIncrementCycle>
<associations>
<colAssociation fkAssociation="8401145F-D9CF-72A9-8B15-1A5B39BEF59D" referredColumn="84E85F2C-EFEE-B247-183E-19FFB41EEECC"/>
</associations>
</Column>
<Column name="razon_social" id="3AA60A97-9020-1ED9-DE26-ACD2761C86C9">
<createdBy>fonat</createdBy>
<createdTime>2026-02-10 02:55:20 UTC</createdTime>
<generatorID>0DD272F4-763F-8D87-8BD2-1EF097E29CFA</generatorID>
<ownerDesignName>Retail_Solari_SA</ownerDesignName>
<useDomainConstraints>false</useDomainConstraints>
<use>1</use>
<logicalDatatype>LOGDT024</logicalDatatype>
<ownDataTypeParameters>,,</ownDataTypeParameters>
<autoIncrementCycle>false</autoIncrementCycle>
</Column>
<Column name="giro" id="EB5ED134-7F34-6BFC-46CF-FA086A7AF195">
<createdBy>fonat</createdBy>
<createdTime>2026-02-10 02:55:20 UTC</createdTime>
<generatorID>335409C7-7CF6-C377-49E6-08C536A8BBE9</generatorID>
<ownerDesignName>Retail_Solari_SA</ownerDesignName>
<useDomainConstraints>false</useDomainConstraints>
<use>1</use>
<logicalDatatype>LOGDT024</logicalDatatype>
<ownDataTypeParameters>,,</ownDataTypeParameters>
<autoIncrementCycle>false</autoIncrementCycle>
</Column>
<Column name="website" id="02ADF055-4279-5DEF-6400-4DBEC3F27DB6">
<createdBy>fonat</createdBy>
<createdTime>2026-02-10 02:55:20 UTC</createdTime>
<generatorID>686D0854-F2AB-273D-F072-2D1DCDBA9047</generatorID>
<ownerDesignName>Retail_Solari_SA</ownerDesignName>
<nullsAllowed>true</nullsAllowed>
<useDomainConstraints>false</useDomainConstraints>
<use>1</use>
<logicalDatatype>LOGDT024</logicalDatatype>
<ownDataTypeParameters>,,</ownDataTypeParameters>
<autoIncrementCycle>false</autoIncrementCycle>
</Column>
</columns>
<indexes itemClass="oracle.dbtools.crest.model.design.relational.Index">
<ind_PK_UK id="54FE1DAD-9423-3F81-9DD9-0B6FD718F214" name="EMPRESA_PK">
<createdBy>fonat</createdBy>
<createdTime>2026-02-10 02:55:20 UTC</createdTime>
<generatorID>E1DAF865-9B7D-0FA6-9A57-CE47275614D4</generatorID>
<ownerDesignName>Retail_Solari_SA</ownerDesignName>
<pk>true</pk>
<indexState>Primary Constraint</indexState>
<isSurrogateKey>false</isSurrogateKey>
<indexColumnUsage>
<colUsage columnID="C934D1E0-88AB-EC31-9957-070D5C673275"/>
</indexColumnUsage>
</ind_PK_UK>
<ind_PK_UK id="432456E0-6055-EAD2-D7DF-F07299F2FF57" name="EMPRESA_PROVEEDOR_FK">
<createdBy>fonat</createdBy>
<createdTime>2026-02-10 02:55:20 UTC</createdTime>
<generatorID>9FB1BCBB-E87F-5E6B-6CBB-69DC2D8F4FBA</generatorID>
<ownerDesignName>Retail_Solari_SA</ownerDesignName>
<indexState>Foreign Key</indexState>
<isSurrogateKey>false</isSurrogateKey>
<indexColumnUsage>
<colUsage columnID="C934D1E0-88AB-EC31-9957-070D5C673275"/>
</indexColumnUsage>
</ind_PK_UK>
</indexes>
</Table>