<?xml version = '1.0' encoding = 'UTF-8'?>
<Table class="oracle.dbtools.crest.model.design.relational.Table" directorySegmentName="seg_0" id="96C94BA0-93AE-878F-7BD9-3FA7BEDD4FAD" name="CATEGORIA">
<createdBy>fonat</createdBy>
<createdTime>2026-02-10 02:55:20 UTC</createdTime>
<generatorID>1484820B-53E9-DFFA-1A4B-C2BA2803E0D2</generatorID>
<ownerDesignName>Retail_Solari_SA</ownerDesignName>
<allowColumnReorder>false</allowColumnReorder>
<existDependencyGenerateInDDl>true</existDependencyGenerateInDDl>
<parsed>true</parsed>
<columns itemClass="oracle.dbtools.crest.model.design.relational.Column">
<Column name="id_categoria" id="27EFD0F5-81CD-1084-B958-721EE140904D">
<createdBy>fonat</createdBy>
<createdTime>2026-02-10 02:55:20 UTC</createdTime>
<generatorID>D99A13D8-F89B-E2F4-6F64-9E917FDC9879</generatorID>
<ownerDesignName>Retail_Solari_SA</ownerDesignName>
<useDomainConstraints>false</useDomainConstraints>
<use>1</use>
<logicalDatatype>LOGDT019</logicalDatatype>
<ownDataTypeParameters>,,</ownDataTypeParameters>
<autoIncrementCycle>false</autoIncrementCycle>
</Column>
<Column name="nombre_categoria" id="0C52ECB3-F1F3-E47F-751F-FEE1791EC307">
<createdBy>fonat</createdBy>
<createdTime>2026-02-10 02:55:20 UTC</createdTime>
<generatorID>201ACBC3-6FF1-A604-39F6-78CF4903598C</generatorID>
<ownerDesignName>Retail_Solari_SA</ownerDesignName>
<useDomainConstraints>false</useDomainConstraints>
<use>1</use>
<logicalDatatype>LOGDT024</logicalDatatype>
<ownDataTypeParameters>,,</ownDataTypeParameters>
<autoIncrementCycle>false</autoIncrementCycle>
</Column>
<Column name="stock_bodega" id="232A75CD-236A-ED2E-8453-84F9CA4D5021">
<createdBy>fonat</createdBy>
<createdTime>2026-02-10 02:55:20 UTC</createdTime>
<generatorID>D9EC4982-E3FA-2CC0-72E4-9CA5BCA630B3</generatorID>
<ownerDesignName>Retail_Solari_SA</ownerDesignName>
<nullsAllowed>true</nullsAllowed>
<useDomainConstraints>false</useDomainConstraints>
<use>1</use>
<logicalDatatype>LOGDT019</logicalDatatype>
<ownDataTypeParameters>,,</ownDataTypeParameters>
<autoIncrementCycle>false</autoIncrementCycle>
</Column>
</columns>
<indexes itemClass="oracle.dbtools.crest.model.design.relational.Index">
<ind_PK_UK id="0AE34897-11B5-56AD-B0B1-02D75E65EABE" name="CATEGORIA_PK">
<createdBy>fonat</createdBy>
<createdTime>2026-02-10 02:55:20 UTC</createdTime>
<generatorID>F9A2941C-E3D2-6BF0-2D7E-5499DCB9A1C0</generatorID>
<ownerDesignName>Retail_Solari_SA</ownerDesignName>
<pk>true</pk>
<indexState>Primary Constraint</indexState>
<isSurrogateKey>false</isSurrogateKey>
<indexColumnUsage>
<colUsage columnID="27EFD0F5-81CD-1084-B958-721EE140904D"/>
</indexColumnUsage>
</ind_PK_UK>
</indexes>
</Table>