<?xml version = '1.0' encoding = 'UTF-8'?>
<Table class="oracle.dbtools.crest.model.design.relational.Table" directorySegmentName="seg_0" id="9FAF53E8-869F-3C81-42B2-9EF6069B223A" name="BOLETA">
<createdBy>fonat</createdBy>
<createdTime>2026-02-10 02:55:20 UTC</createdTime>
<generatorID>83FEEB68-CFF3-E076-F086-DCED40F40D13</generatorID>
<ownerDesignName>Retail_Solari_SA</ownerDesignName>
<allowColumnReorder>false</allowColumnReorder>
<existDependencyGenerateInDDl>true</existDependencyGenerateInDDl>
<parsed>true</parsed>
<columns itemClass="oracle.dbtools.crest.model.design.relational.Column">
<Column name="nro_boleta" id="7BA9C7DF-9171-7E8A-023B-5BE535633DB6">
<createdBy>fonat</createdBy>
<createdTime>2026-02-10 02:55:20 UTC</createdTime>
<generatorID>19F2712F-E69A-1F42-29B1-13F16926C85B</generatorID>
<ownerDesignName>Retail_Solari_SA</ownerDesignName>
<useDomainConstraints>false</useDomainConstraints>
<use>1</use>
<logicalDatatype>LOGDT019</logicalDatatype>
<ownDataTypeParameters>,,</ownDataTypeParameters>
<autoIncrementCycle>false</autoIncrementCycle>
</Column>
<Column name="fecha" id="A11BBE0F-0C25-FD0B-CC0D-4A04BF0A148D">
<createdBy>fonat</createdBy>
<createdTime>2026-02-10 02:55:20 UTC</createdTime>
<generatorID>73E9D93C-EDFA-D782-D818-E5F744C48C44</generatorID>
<ownerDesignName>Retail_Solari_SA</ownerDesignName>
<useDomainConstraints>false</useDomainConstraints>
<use>1</use>
<logicalDatatype>LOGDT007</logicalDatatype>
<ownDataTypeParameters>,,</ownDataTypeParameters>
<autoIncrementCycle>false</autoIncrementCycle>
</Column>
<Column name="monto_total" id="2442CB04-0CFE-7354-A329-0D1D8BA8F6DF">
<createdBy>fonat</createdBy>
<createdTime>2026-02-10 02:55:20 UTC</createdTime>
<generatorID>FE4A8509-A8D1-A7D2-631C-63F21BBD8F10</generatorID>
<ownerDesignName>Retail_Solari_SA</ownerDesignName>
<useDomainConstraints>false</useDomainConstraints>
<use>1</use>
<logicalDatatype>LOGDT019</logicalDatatype>
<ownDataTypeParameters>,,</ownDataTypeParameters>
<autoIncrementCycle>false</autoIncrementCycle>
</Column>
<Column name="CLIENTE_id_cliente" id="15FDA0C9-3DFE-7A3F-2E97-F2BD88DE2E35">
<createdBy>fonat</createdBy>
<createdTime>2026-02-10 02:55:20 UTC</createdTime>
<generatorID>A8480E8D-40C4-2CD4-C4C1-44DBC991FE18</generatorID>
<ownerDesignName>Retail_Solari_SA</ownerDesignName>
<useDomainConstraints>false</useDomainConstraints>
<use>1</use>
<logicalDatatype>LOGDT019</logicalDatatype>
<ownDataTypeParameters>,,</ownDataTypeParameters>
<previousColumn>false</previousColumn>
<autoIncrementCycle>false</autoIncrementCycle>
<associations>
<colAssociation fkAssociation="83BE4728-31C0-8334-451E-74645BB30BF5" referredColumn="484085A1-F394-C2E0-922D-6AFA1B2A569E"/>
</associations>
</Column>
<Column name="SUCURSAL_sigla" id="00F04288-22A8-91A2-6584-0EDEDF588565">
<createdBy>fonat</createdBy>
<createdTime>2026-02-10 02:55:20 UTC</createdTime>
<generatorID>91A277DD-F104-8D6C-141D-F2FFBF623BA4</generatorID>
<ownerDesignName>Retail_Solari_SA</ownerDesignName>
<useDomainConstraints>false</useDomainConstraints>
<use>1</use>
<logicalDatatype>LOGDT024</logicalDatatype>
<ownDataTypeParameters>,,</ownDataTypeParameters>
<previousColumn>false</previousColumn>
<autoIncrementCycle>false</autoIncrementCycle>
<associations>
<colAssociation fkAssociation="B6155453-CB72-E4D3-9F8C-C0DF96298C83" referredColumn="F9C4A4AF-424D-9266-5038-2519F95666FC"/>
</associations>
</Column>
</columns>
<indexes itemClass="oracle.dbtools.crest.model.design.relational.Index">
<ind_PK_UK id="FDA15318-72B5-D9C2-6013-71DF847FF4AD" name="BOLETA_PK">
<createdBy>fonat</createdBy>
<createdTime>2026-02-10 02:55:20 UTC</createdTime>
<generatorID>99B328D0-A3EF-87CC-C8E9-445CC5819293</generatorID>
<ownerDesignName>Retail_Solari_SA</ownerDesignName>
<pk>true</pk>
<indexState>Primary Constraint</indexState>
<isSurrogateKey>false</isSurrogateKey>
<indexColumnUsage>
<colUsage columnID="7BA9C7DF-9171-7E8A-023B-5BE535633DB6"/>
</indexColumnUsage>
</ind_PK_UK>
<ind_PK_UK id="DE7A44BA-CCE1-85C2-2381-DC5E799E8FC1" name="BOLETA_CLIENTE_FK">
<createdBy>fonat</createdBy>
<createdTime>2026-02-10 02:55:20 UTC</createdTime>
<generatorID>ED07B549-99A8-34C4-AC3F-ACF8B2F08CDC</generatorID>
<ownerDesignName>Retail_Solari_SA</ownerDesignName>
<indexState>Foreign Key</indexState>
<isSurrogateKey>false</isSurrogateKey>
<indexColumnUsage>
<colUsage columnID="15FDA0C9-3DFE-7A3F-2E97-F2BD88DE2E35"/>
</indexColumnUsage>
</ind_PK_UK>
<ind_PK_UK id="2123804B-D166-5470-EF2D-670A507B0C38" name="BOLETA_SUCURSAL_FK">
<createdBy>fonat</createdBy>
<createdTime>2026-02-10 02:55:20 UTC</createdTime>
<generatorID>8B8D3EEF-6686-6698-FD2C-2B7F716952A6</generatorID>
<ownerDesignName>Retail_Solari_SA</ownerDesignName>
<indexState>Foreign Key</indexState>
<isSurrogateKey>false</isSurrogateKey>
<indexColumnUsage>
<colUsage columnID="00F04288-22A8-91A2-6584-0EDEDF588565"/>
</indexColumnUsage>
</ind_PK_UK>
</indexes>
</Table>