<?xml version = '1.0' encoding = 'UTF-8'?>
<Table class="oracle.dbtools.crest.model.design.relational.Table" directorySegmentName="seg_0" id="B69110D1-BD0C-5BB7-D482-B9B180F66787" name="PRODUCTO">
<createdBy>fonat</createdBy>
<createdTime>2026-02-10 02:55:20 UTC</createdTime>
<generatorID>EE5A4D02-CB67-F6AF-6DAF-FD4BED018508</generatorID>
<ownerDesignName>Retail_Solari_SA</ownerDesignName>
<allowColumnReorder>false</allowColumnReorder>
<existDependencyGenerateInDDl>true</existDependencyGenerateInDDl>
<parsed>true</parsed>
<columns itemClass="oracle.dbtools.crest.model.design.relational.Column">
<Column name="id_producto" id="EC0370DF-D72E-FB77-F8E3-57B22D9A66A5">
<createdBy>fonat</createdBy>
<createdTime>2026-02-10 02:55:20 UTC</createdTime>
<generatorID>2CF4DE0C-E372-08DA-44FD-0C9FECA0B691</generatorID>
<ownerDesignName>Retail_Solari_SA</ownerDesignName>
<useDomainConstraints>false</useDomainConstraints>
<use>1</use>
<logicalDatatype>LOGDT019</logicalDatatype>
<ownDataTypeParameters>,,</ownDataTypeParameters>
<autoIncrementCycle>false</autoIncrementCycle>
</Column>
<Column name="nombre_producto" id="0AADD288-4053-539F-13A9-96F8A6030028">
<createdBy>fonat</createdBy>
<createdTime>2026-02-10 02:55:20 UTC</createdTime>
<generatorID>0A6A1D35-090D-0805-D3CB-5895A7AAB81F</generatorID>
<ownerDesignName>Retail_Solari_SA</ownerDesignName>
<useDomainConstraints>false</useDomainConstraints>
<use>1</use>
<logicalDatatype>LOGDT024</logicalDatatype>
<ownDataTypeParameters>,,</ownDataTypeParameters>
<autoIncrementCycle>false</autoIncrementCycle>
</Column>
<Column name="descripcion" id="F187D94A-51F5-E021-F768-F1495B67606E">
<createdBy>fonat</createdBy>
<createdTime>2026-02-10 02:55:20 UTC</createdTime>
<generatorID>7739E9C9-6C46-1265-D511-7C125B8F8FE1</generatorID>
<ownerDesignName>Retail_Solari_SA</ownerDesignName>
<useDomainConstraints>false</useDomainConstraints>
<use>1</use>
<logicalDatatype>LOGDT024</logicalDatatype>
<ownDataTypeParameters>,,</ownDataTypeParameters>
<autoIncrementCycle>false</autoIncrementCycle>
</Column>
<Column name="fecha_vencimiento" id="BE0FAC86-41AC-401B-49E1-DB96CD0F74BC">
<createdBy>fonat</createdBy>
<createdTime>2026-02-10 02:55:20 UTC</createdTime>
<generatorID>8362EDF5-33FE-DF14-005C-D7333BF156C9</generatorID>
<ownerDesignName>Retail_Solari_SA</ownerDesignName>
<nullsAllowed>true</nullsAllowed>
<useDomainConstraints>false</useDomainConstraints>
<use>1</use>
<logicalDatatype>LOGDT030</logicalDatatype>
<ownDataTypeParameters>,,</ownDataTypeParameters>
<autoIncrementCycle>false</autoIncrementCycle>
</Column>
<Column name="precio_unitario" id="5F4A806A-4EC6-B1B8-1928-D0CA2B1A5D68">
<createdBy>fonat</createdBy>
<createdTime>2026-02-10 02:55:20 UTC</createdTime>
<generatorID>F165E29C-6C53-90ED-D740-F34E2B8CDBBF</generatorID>
<ownerDesignName>Retail_Solari_SA</ownerDesignName>
<useDomainConstraints>false</useDomainConstraints>
<use>1</use>
<logicalDatatype>LOGDT019</logicalDatatype>
<ownDataTypeParameters>,,</ownDataTypeParameters>
<autoIncrementCycle>false</autoIncrementCycle>
</Column>
<Column name="SUCURSAL_sigla" id="96B97E09-95D8-13DC-AD40-58C81E69020F">
<createdBy>fonat</createdBy>
<createdTime>2026-02-10 02:55:20 UTC</createdTime>
<generatorID>16F9630F-5C67-0743-509E-411C0C8894C8</generatorID>
<ownerDesignName>Retail_Solari_SA</ownerDesignName>
<useDomainConstraints>false</useDomainConstraints>
<use>1</use>
<logicalDatatype>LOGDT024</logicalDatatype>
<ownDataTypeParameters>,,</ownDataTypeParameters>
<previousColumn>false</previousColumn>
<autoIncrementCycle>false</autoIncrementCycle>
<associations>
<colAssociation fkAssociation="AC4B6984-1AD5-5A73-54EC-EC662D8C07C7" referredColumn="F9C4A4AF-424D-9266-5038-2519F95666FC"/>
</associations>
</Column>
<Column name="CATEGORIA_id_categoria" id="165CB97D-7E69-1AE8-4B82-165E55E0FBC6">
<createdBy>fonat</createdBy>
<createdTime>2026-02-10 02:55:20 UTC</createdTime>
<generatorID>DE5CE319-BA47-5405-97E2-C99B969A615F</generatorID>
<ownerDesignName>Retail_Solari_SA</ownerDesignName>
<useDomainConstraints>false</useDomainConstraints>
<use>1</use>
<logicalDatatype>LOGDT019</logicalDatatype>
<ownDataTypeParameters>,,</ownDataTypeParameters>
<previousColumn>false</previousColumn>
<autoIncrementCycle>false</autoIncrementCycle>
<associations>
<colAssociation fkAssociation="33060D00-0552-2BF6-30B4-D54AD8A8B20A" referredColumn="27EFD0F5-81CD-1084-B958-721EE140904D"/>
</associations>
</Column>
</columns>
<indexes itemClass="oracle.dbtools.crest.model.design.relational.Index">
<ind_PK_UK id="9F380BF3-989E-4C2D-17CE-A57A2A8CDD2B" name="PRODUCTO_PK">
<createdBy>fonat</createdBy>
<createdTime>2026-02-10 02:55:20 UTC</createdTime>
<generatorID>DF4885E4-4F1E-C98A-4E4D-3DA2876A215D</generatorID>
<ownerDesignName>Retail_Solari_SA</ownerDesignName>
<pk>true</pk>
<indexState>Primary Constraint</indexState>
<isSurrogateKey>false</isSurrogateKey>
<indexColumnUsage>
<colUsage columnID="EC0370DF-D72E-FB77-F8E3-57B22D9A66A5"/>
<colUsage columnID="96B97E09-95D8-13DC-AD40-58C81E69020F"/>
</indexColumnUsage>
</ind_PK_UK>
<ind_PK_UK id="3D66BC37-2EED-7D4E-F80E-BD1A0D5046AB" name="PRODUCTO_SUCURSAL_FK">
<createdBy>fonat</createdBy>
<createdTime>2026-02-10 02:55:20 UTC</createdTime>
<generatorID>0126FEE6-AAED-A143-91D5-907A70D7CFE3</generatorID>
<ownerDesignName>Retail_Solari_SA</ownerDesignName>
<indexState>Foreign Key</indexState>
<isSurrogateKey>false</isSurrogateKey>
<indexColumnUsage>
<colUsage columnID="96B97E09-95D8-13DC-AD40-58C81E69020F"/>
</indexColumnUsage>
</ind_PK_UK>
<ind_PK_UK id="0287ABC2-0435-79CC-5032-3E9058A6742C" name="PRODUCTO_CATEGORIA_FK">
<createdBy>fonat</createdBy>
<createdTime>2026-02-10 02:55:20 UTC</createdTime>
<generatorID>6379A6F2-BE80-9165-6EAD-70E576B28F38</generatorID>
<ownerDesignName>Retail_Solari_SA</ownerDesignName>
<indexState>Foreign Key</indexState>
<isSurrogateKey>false</isSurrogateKey>
<indexColumnUsage>
<colUsage columnID="165CB97D-7E69-1AE8-4B82-165E55E0FBC6"/>
</indexColumnUsage>
</ind_PK_UK>
</indexes>
</Table>