<?xml version = '1.0' encoding = 'UTF-8'?>
<Table class="oracle.dbtools.crest.model.design.relational.Table" directorySegmentName="seg_0" id="E275E4FE-F9FE-A2BF-3986-F0A85D96447E" name="MODELO">
<createdBy>fonat</createdBy>
<createdTime>2026-02-10 02:55:20 UTC</createdTime>
<generatorID>2A9CA9ED-6F9F-96D5-0027-F1659DCAEE3B</generatorID>
<ownerDesignName>Retail_Solari_SA</ownerDesignName>
<allowColumnReorder>false</allowColumnReorder>
<existDependencyGenerateInDDl>true</existDependencyGenerateInDDl>
<parsed>true</parsed>
<columns itemClass="oracle.dbtools.crest.model.design.relational.Column">
<Column name="id_modelo" id="A2EFB795-F64E-8349-84A7-4963C0C47229">
<createdBy>fonat</createdBy>
<createdTime>2026-02-10 02:55:20 UTC</createdTime>
<generatorID>C75DB85A-8652-BB2D-07B3-0DEF243749CA</generatorID>
<ownerDesignName>Retail_Solari_SA</ownerDesignName>
<useDomainConstraints>false</useDomainConstraints>
<use>1</use>
<logicalDatatype>LOGDT019</logicalDatatype>
<ownDataTypeParameters>,,</ownDataTypeParameters>
<autoIncrementCycle>false</autoIncrementCycle>
</Column>
<Column name="descripcion_modelo" id="9DC66D46-7917-0E02-3798-A104AB40A53E">
<createdBy>fonat</createdBy>
<createdTime>2026-02-10 02:55:20 UTC</createdTime>
<generatorID>2D56358C-184A-9368-7BAD-9E96417E0804</generatorID>
<ownerDesignName>Retail_Solari_SA</ownerDesignName>
<useDomainConstraints>false</useDomainConstraints>
<use>1</use>
<logicalDatatype>LOGDT024</logicalDatatype>
<ownDataTypeParameters>,,</ownDataTypeParameters>
<autoIncrementCycle>false</autoIncrementCycle>
</Column>
<Column name="MARCA_id_marca" id="C03A6AC1-7D62-8466-B1C1-14BAC97F48BA">
<createdBy>fonat</createdBy>
<createdTime>2026-02-10 02:55:20 UTC</createdTime>
<generatorID>09340A98-8410-D938-DE93-607E4EDD0523</generatorID>
<ownerDesignName>Retail_Solari_SA</ownerDesignName>
<useDomainConstraints>false</useDomainConstraints>
<use>1</use>
<logicalDatatype>LOGDT019</logicalDatatype>
<ownDataTypeParameters>,,</ownDataTypeParameters>
<previousColumn>false</previousColumn>
<autoIncrementCycle>false</autoIncrementCycle>
<associations>
<colAssociation fkAssociation="238764DC-930D-32D2-DFC5-D7718CD66207" referredColumn="2459903C-C9BE-A457-3E60-33B1F2D056B9"/>
</associations>
</Column>
</columns>
<indexes itemClass="oracle.dbtools.crest.model.design.relational.Index">
<ind_PK_UK id="634B14B6-12C0-1862-2F47-C1B989466863" name="MODELO_PK">
<createdBy>fonat</createdBy>
<createdTime>2026-02-10 02:55:20 UTC</createdTime>
<generatorID>D03C103A-B97F-2607-3DCB-F9D5E06424F5</generatorID>
<ownerDesignName>Retail_Solari_SA</ownerDesignName>
<pk>true</pk>
<indexState>Primary Constraint</indexState>
<isSurrogateKey>false</isSurrogateKey>
<indexColumnUsage>
<colUsage columnID="A2EFB795-F64E-8349-84A7-4963C0C47229"/>
<colUsage columnID="C03A6AC1-7D62-8466-B1C1-14BAC97F48BA"/>
</indexColumnUsage>
</ind_PK_UK>
<ind_PK_UK id="44BEE5AF-291C-1645-CD5B-EA47B6F4726A" name="MODELO_MARCA_FK">
<createdBy>fonat</createdBy>
<createdTime>2026-02-10 02:55:20 UTC</createdTime>
<generatorID>DA8EB823-3BD1-39E8-49B5-55578AD3E95B</generatorID>
<ownerDesignName>Retail_Solari_SA</ownerDesignName>
<indexState>Foreign Key</indexState>
<isSurrogateKey>false</isSurrogateKey>
<indexColumnUsage>
<colUsage columnID="C03A6AC1-7D62-8466-B1C1-14BAC97F48BA"/>
</indexColumnUsage>
</ind_PK_UK>
</indexes>
</Table>