<?xml version = '1.0' encoding = 'UTF-8'?>
<Table class="oracle.dbtools.crest.model.design.relational.Table" directorySegmentName="seg_0" id="EE7F6145-99D5-0730-6F00-6959F46FF9EA" name="SUCURSAL">
<createdBy>fonat</createdBy>
<createdTime>2026-02-10 02:55:20 UTC</createdTime>
<generatorID>580A03C6-E925-C723-8889-88A1CA1B9474</generatorID>
<ownerDesignName>Retail_Solari_SA</ownerDesignName>
<allowColumnReorder>false</allowColumnReorder>
<existDependencyGenerateInDDl>true</existDependencyGenerateInDDl>
<parsed>true</parsed>
<columns itemClass="oracle.dbtools.crest.model.design.relational.Column">
<Column name="sigla" id="F9C4A4AF-424D-9266-5038-2519F95666FC">
<createdBy>fonat</createdBy>
<createdTime>2026-02-10 02:55:20 UTC</createdTime>
<generatorID>6F8F5E4C-20C7-C85C-2C0E-0AAD21425DC4</generatorID>
<ownerDesignName>Retail_Solari_SA</ownerDesignName>
<useDomainConstraints>false</useDomainConstraints>
<use>1</use>
<logicalDatatype>LOGDT024</logicalDatatype>
<ownDataTypeParameters>,,</ownDataTypeParameters>
<autoIncrementCycle>false</autoIncrementCycle>
</Column>
<Column name="nombre" id="0FDAFA95-9B67-6D04-50FF-B9036EE589BE">
<createdBy>fonat</createdBy>
<createdTime>2026-02-10 02:55:20 UTC</createdTime>
<generatorID>9A04F2BC-8637-76EA-14C0-9745884044C4</generatorID>
<ownerDesignName>Retail_Solari_SA</ownerDesignName>
<useDomainConstraints>false</useDomainConstraints>
<use>1</use>
<logicalDatatype>LOGDT024</logicalDatatype>
<ownDataTypeParameters>,,</ownDataTypeParameters>
<autoIncrementCycle>false</autoIncrementCycle>
</Column>
<Column name="direccion" id="DE737170-1EEE-9ED9-BA4B-9219CC5AC73F">
<createdBy>fonat</createdBy>
<createdTime>2026-02-10 02:55:20 UTC</createdTime>
<generatorID>E889B8AA-EB20-F535-FCB7-5D9B165E0F8B</generatorID>
<ownerDesignName>Retail_Solari_SA</ownerDesignName>
<useDomainConstraints>false</useDomainConstraints>
<use>1</use>
<logicalDatatype>LOGDT024</logicalDatatype>
<ownDataTypeParameters>,,</ownDataTypeParameters>
<autoIncrementCycle>false</autoIncrementCycle>
</Column>
<Column name="COMUNA_cod_comuna" id="20199A19-3631-FE71-1A6C-850E599404C6">
<createdBy>fonat</createdBy>
<createdTime>2026-02-10 02:55:20 UTC</createdTime>
<generatorID>433C90CF-D03B-91A1-D37A-E708D8BC04B1</generatorID>
<ownerDesignName>Retail_Solari_SA</ownerDesignName>
<useDomainConstraints>false</useDomainConstraints>
<use>1</use>
<logicalDatatype>LOGDT019</logicalDatatype>
<ownDataTypeParameters>,,</ownDataTypeParameters>
<previousColumn>false</previousColumn>
<autoIncrementCycle>false</autoIncrementCycle>
<associations>
<colAssociation fkAssociation="685A23EB-200F-CD14-9BBF-A7F7BC03E77E" referredColumn="D3179277-AE82-6A2D-DE54-8380C3AF7897"/>
</associations>
</Column>
</columns>
<indexes itemClass="oracle.dbtools.crest.model.design.relational.Index">
<ind_PK_UK id="F33DE33E-428B-513D-C46B-E55C289F8763" name="SUCURSAL_PK">
<createdBy>fonat</createdBy>
<createdTime>2026-02-10 02:55:20 UTC</createdTime>
<generatorID>BC3C230A-7FC3-264B-9374-BD2A3A49D8A5</generatorID>
<ownerDesignName>Retail_Solari_SA</ownerDesignName>
<pk>true</pk>
<indexState>Primary Constraint</indexState>
<isSurrogateKey>false</isSurrogateKey>
<indexColumnUsage>
<colUsage columnID="F9C4A4AF-424D-9266-5038-2519F95666FC"/>
</indexColumnUsage>
</ind_PK_UK>
<ind_PK_UK id="2967D533-BB53-D726-CB43-1FDD077FD47A" name="SUCURSAL_COMUNA_FK">
<createdBy>fonat</createdBy>
<createdTime>2026-02-10 02:55:20 UTC</createdTime>
<generatorID>0F410463-2375-A45E-B825-0767CDA1513E</generatorID>
<ownerDesignName>Retail_Solari_SA</ownerDesignName>
<indexState>Foreign Key</indexState>
<isSurrogateKey>false</isSurrogateKey>
<indexColumnUsage>
<colUsage columnID="20199A19-3631-FE71-1A6C-850E599404C6"/>
</indexColumnUsage>
</ind_PK_UK>
</indexes>
</Table>