<?xml version = '1.0' encoding = 'UTF-8'?>
<Table class="oracle.dbtools.crest.model.design.relational.Table" directorySegmentName="seg_0" id="F63375E8-34D1-5CD7-588B-66D527E231B9" name="REGION">
<createdBy>fonat</createdBy>
<createdTime>2026-02-10 02:55:20 UTC</createdTime>
<generatorID>4E20944A-BFA2-89F8-BDD1-67AC0D862019</generatorID>
<ownerDesignName>Retail_Solari_SA</ownerDesignName>
<allowColumnReorder>false</allowColumnReorder>
<existDependencyGenerateInDDl>true</existDependencyGenerateInDDl>
<parsed>true</parsed>
<columns itemClass="oracle.dbtools.crest.model.design.relational.Column">
<Column name="cod_region" id="D881BD01-7116-F7F0-CAFF-C3FB45D32CBF">
<createdBy>fonat</createdBy>
<createdTime>2026-02-10 02:55:20 UTC</createdTime>
<generatorID>C1291ABA-1026-6677-7428-61BD1A7F4541</generatorID>
<ownerDesignName>Retail_Solari_SA</ownerDesignName>
<useDomainConstraints>false</useDomainConstraints>
<use>1</use>
<logicalDatatype>LOGDT019</logicalDatatype>
<ownDataTypeParameters>,,</ownDataTypeParameters>
<autoIncrementCycle>false</autoIncrementCycle>
</Column>
<Column name="nombre_region" id="44A62A2D-EFA8-0DBB-F621-E6D4EAD0816B">
<createdBy>fonat</createdBy>
<createdTime>2026-02-10 02:55:20 UTC</createdTime>
<generatorID>30B3BAD6-B43A-0DE7-D728-C1EB548FFF0A</generatorID>
<ownerDesignName>Retail_Solari_SA</ownerDesignName>
<useDomainConstraints>false</useDomainConstraints>
<use>1</use>
<logicalDatatype>LOGDT024</logicalDatatype>
<ownDataTypeParameters>,,</ownDataTypeParameters>
<autoIncrementCycle>false</autoIncrementCycle>
</Column>
</columns>
<indexes itemClass="oracle.dbtools.crest.model.design.relational.Index">
<ind_PK_UK id="F43537D7-6E69-6A76-3229-19C7FBFF902D" name="REGION_PK">
<createdBy>fonat</createdBy>
<createdTime>2026-02-10 02:55:20 UTC</createdTime>
<generatorID>CD56B894-8E3A-9FDD-73A5-CFD9C6D230C9</generatorID>
<ownerDesignName>Retail_Solari_SA</ownerDesignName>
<pk>true</pk>
<indexState>Primary Constraint</indexState>
<isSurrogateKey>false</isSurrogateKey>
<indexColumnUsage>
<colUsage columnID="D881BD01-7116-F7F0-CAFF-C3FB45D32CBF"/>
</indexColumnUsage>
</ind_PK_UK>
</indexes>
</Table>