<?xml version = '1.0' encoding = 'UTF-8'?>
<Diagram class="oracle.dbtools.crest.swingui.logical.DPVLogical" name="Logical" id="F83A2BF9-2EBA-D395-B5EA-10601FE5A89F">
<createdBy>fonat</createdBy>
<modifiedBy>fonat</modifiedBy>
<createdTime>2026-01-27 01:01:27 UTC</createdTime>
<autoRoute>false</autoRoute>
<boxInbox>true</boxInbox>
<showLegend>false</showLegend>
<showLabels>false</showLabels>
<showRelAttributes>false</showRelAttributes>
<gridEnabled>false</gridEnabled>
<showGrid>false</showGrid>
<diagramColor>-1</diagramColor>
<display>false</display>
<notation>2</notation>
<objectViews>
<OView class="oracle.dbtools.crest.swingui.logical.TVEntity" oid="01D22740-948F-A5B6-5A7F-FDE5F6E87162" otype="Entity" vid="EE27FD9B-AA4C-D754-FCA4-4CA792A30E91">
<hideElementsInCurrentOnly>false</hideElementsInCurrentOnly>
<bounds x="298" y="379" width="165" height="113"/>
</OView>
<OView class="oracle.dbtools.crest.swingui.logical.TVEntity" oid="03B727B1-DCA6-BD49-1CDC-1F10F795E8AB" otype="Entity" vid="E6D856D5-E059-6235-F832-F283ABE26206">
<hideElementsInCurrentOnly>false</hideElementsInCurrentOnly>
<bounds x="373" y="269" width="82" height="45"/>
</OView>
<OView class="oracle.dbtools.crest.swingui.logical.TVEntity" oid="25416BF2-A2CD-022E-14F9-77F8383523FE" otype="Entity" vid="D1AAB94E-5A5F-6ABC-F062-6AC9F406D461">
<hideElementsInCurrentOnly>false</hideElementsInCurrentOnly>
<bounds x="316" y="97" width="129" height="71"/>
</OView>
<OView class="oracle.dbtools.crest.swingui.logical.TVEntity" oid="25586A78-E1D8-C2BD-333A-2EC8AD137D72" otype="Entity" vid="23210831-6C6B-AD3B-3B2A-02B25988799C">
<hideElementsInCurrentOnly>false</hideElementsInCurrentOnly>
<bounds x="355" y="113" width="95" height="55"/>
</OView>
<OView class="oracle.dbtools.crest.swingui.logical.TVEntity" oid="4775D1A7-6BF5-0E06-7A9D-813742CB243E" otype="Entity" vid="537C90D5-0485-B4E7-318B-5D34200E04C6">
<hideElementsInCurrentOnly>false</hideElementsInCurrentOnly>
<bounds x="58" y="224" width="170" height="110"/>
</OView>
<OView class="oracle.dbtools.crest.swingui.logical.TVEntity" oid="7638D8B9-59B7-80B4-9C39-DE27799D1827" otype="Entity" vid="D009278C-EA26-AD32-2BAA-C3AA64A01F70">
<hideElementsInCurrentOnly>false</hideElementsInCurrentOnly>
<bounds x="57" y="387" width="170" height="110"/>
</OView>
<OView class="oracle.dbtools.crest.swingui.logical.TVEntity" oid="8CC9CD09-B980-8247-39EA-6E6B149865A9" otype="Entity" vid="490DA575-CE8C-A226-2937-8249B4A500A2">
<hideElementsInCurrentOnly>false</hideElementsInCurrentOnly>
<bounds x="340" y="241" width="115" height="73"/>
</OView>
<OView class="oracle.dbtools.crest.swingui.logical.TVEntity" oid="A537A042-C98B-76A4-D2EE-BEC186154701" otype="Entity" vid="C60303DB-355B-C375-4CB5-D81BB16D9049">
<hideElementsInCurrentOnly>false</hideElementsInCurrentOnly>
<bounds x="290" y="68" width="170" height="110"/>
</OView>
<OView class="oracle.dbtools.crest.swingui.logical.TVEntity" oid="A9A641D9-E7A7-EADB-1017-78F4D19923B3" otype="Entity" vid="718DBA9F-DB24-DA55-50F5-32BCC7061F4B">
<hideElementsInCurrentOnly>false</hideElementsInCurrentOnly>
<bounds x="522" y="363" width="170" height="110"/>
</OView>
<OView class="oracle.dbtools.crest.swingui.logical.TVEntity" oid="B13D5EEB-A6CE-D197-B434-48DC64006C27" otype="Entity" vid="0568D6A1-6513-3B77-7F32-6892A8E5CFEF">
<hideElementsInCurrentOnly>false</hideElementsInCurrentOnly>
<bounds x="520" y="194" width="170" height="110"/>
</OView>
<OView class="oracle.dbtools.crest.swingui.logical.TVEntity" oid="CECC3623-5A2D-CD86-F279-F1457B43D9E8" otype="Entity" vid="40379A8E-599C-7FB5-B062-DA242986252F">
<hideElementsInCurrentOnly>false</hideElementsInCurrentOnly>
<bounds x="59" y="68" width="170" height="110"/>
</OView>
<OView class="oracle.dbtools.crest.swingui.logical.TVEntity" oid="EFCBA332-EF3C-8584-9EEF-C3C260C0B10B" otype="Entity" vid="4A264CF6-9C9A-AE67-DD5B-F593DF3081BD">
<hideElementsInCurrentOnly>false</hideElementsInCurrentOnly>
<bounds x="295" y="214" width="170" height="110"/>
</OView>
</objectViews>
<connectors>
<Connector class="oracle.dbtools.crest.swingui.logical.TVInheritanceRelation" oid="0E0BEE68-EBF4-F026-88FE-8324A9D5ACE9" otype="Hierarchy relation" vid_source="C60303DB-355B-C375-4CB5-D81BB16D9049" vid_target="D1AAB94E-5A5F-6ABC-F062-6AC9F406D461">
<hideElementsInCurrentOnly>false</hideElementsInCurrentOnly>
<backgroundColor>-65536</backgroundColor>
<lineWidth>1</lineWidth>
</Connector>
<Connector class="oracle.dbtools.crest.swingui.logical.TVInheritanceRelation" oid="0ED130AF-7CE9-7B84-7925-DB3A663FE455" otype="Hierarchy relation" vid_source="4A264CF6-9C9A-AE67-DD5B-F593DF3081BD" vid_target="E6D856D5-E059-6235-F832-F283ABE26206">
<hideElementsInCurrentOnly>false</hideElementsInCurrentOnly>
<backgroundColor>-65536</backgroundColor>
<lineWidth>1</lineWidth>
</Connector>
<Connector class="oracle.dbtools.crest.swingui.logical.TVRelation" oid="3A84E140-D205-B3B4-5665-625523C94C2C" otype="Relation" vid_source="EE27FD9B-AA4C-D754-FCA4-4CA792A30E91" vid_target="490DA575-CE8C-A226-2937-8249B4A500A2">
<hideElementsInCurrentOnly>false</hideElementsInCurrentOnly>
<backgroundColor>-16777216</backgroundColor>
<lineWidth>1</lineWidth>
<points>
<point x="397" y="379"/>
<point x="397" y="314"/>
</points>
</Connector>
<Connector class="oracle.dbtools.crest.swingui.logical.TVRelation" oid="5B67C29E-2416-CA0E-8BFA-031C4E7351EF" otype="Relation" vid_source="D009278C-EA26-AD32-2BAA-C3AA64A01F70" vid_target="4A264CF6-9C9A-AE67-DD5B-F593DF3081BD">
<hideElementsInCurrentOnly>false</hideElementsInCurrentOnly>
<backgroundColor>-16777216</backgroundColor>
<lineWidth>1</lineWidth>
<points>
<point x="217" y="387"/>
<point x="304" y="324"/>
</points>
</Connector>
<Connector class="oracle.dbtools.crest.swingui.logical.TVRelation" oid="64AF0319-B32A-9EB3-7957-0578CDC6300D" otype="Relation" vid_source="40379A8E-599C-7FB5-B062-DA242986252F" vid_target="0568D6A1-6513-3B77-7F32-6892A8E5CFEF">
<hideElementsInCurrentOnly>false</hideElementsInCurrentOnly>
<backgroundColor>-16777216</backgroundColor>
<lineWidth>1</lineWidth>
<points>
<point x="229" y="146"/>
<point x="520" y="225"/>
</points>
</Connector>
<Connector class="oracle.dbtools.crest.swingui.logical.TVInheritanceRelation" oid="9678C83E-3F99-ED61-C4D4-0635DA641131" otype="Hierarchy relation" vid_source="4A264CF6-9C9A-AE67-DD5B-F593DF3081BD" vid_target="490DA575-CE8C-A226-2937-8249B4A500A2">
<hideElementsInCurrentOnly>false</hideElementsInCurrentOnly>
<backgroundColor>-65536</backgroundColor>
<lineWidth>1</lineWidth>
</Connector>
<Connector class="oracle.dbtools.crest.swingui.logical.TVRelation" oid="B32BC644-C06B-A42B-B4FC-FC8876222BBB" otype="Relation" vid_source="C60303DB-355B-C375-4CB5-D81BB16D9049" vid_target="40379A8E-599C-7FB5-B062-DA242986252F">
<hideElementsInCurrentOnly>false</hideElementsInCurrentOnly>
<backgroundColor>-16777216</backgroundColor>
<lineWidth>1</lineWidth>
<points>
<point x="290" y="123"/>
<point x="229" y="123"/>
</points>
</Connector>
<Connector class="oracle.dbtools.crest.swingui.logical.TVRelation" oid="CAF45697-2C2D-FDD8-0C0D-5DCE66D8DCE0" otype="Relation" vid_source="537C90D5-0485-B4E7-318B-5D34200E04C6" vid_target="4A264CF6-9C9A-AE67-DD5B-F593DF3081BD">
<hideElementsInCurrentOnly>false</hideElementsInCurrentOnly>
<backgroundColor>-16777216</backgroundColor>
<lineWidth>1</lineWidth>
<points>
<point x="228" y="274"/>
<point x="295" y="274"/>
</points>
</Connector>
<Connector class="oracle.dbtools.crest.swingui.logical.TVRelation" oid="D19F31DC-4829-5DB7-7B01-1594C0409D6C" otype="Relation" vid_source="718DBA9F-DB24-DA55-50F5-32BCC7061F4B" vid_target="0568D6A1-6513-3B77-7F32-6892A8E5CFEF">
<hideElementsInCurrentOnly>false</hideElementsInCurrentOnly>
<backgroundColor>-16777216</backgroundColor>
<lineWidth>1</lineWidth>
<points>
<point x="606" y="363"/>
<point x="606" y="304"/>
</points>
</Connector>
<Connector class="oracle.dbtools.crest.swingui.logical.TVInheritanceRelation" oid="EF6D0D5E-EC5C-4905-77FA-157F0E781A40" otype="Hierarchy relation" vid_source="C60303DB-355B-C375-4CB5-D81BB16D9049" vid_target="23210831-6C6B-AD3B-3B2A-02B25988799C">
<hideElementsInCurrentOnly>false</hideElementsInCurrentOnly>
<backgroundColor>-65536</backgroundColor>
<lineWidth>1</lineWidth>
</Connector>
</connectors>
</Diagram>
