<?xml version = '1.0' encoding = 'UTF-8'?>
<Entity class="oracle.dbtools.crest.model.design.logical.Entity" directorySegmentName="seg_0" id="2A9CA9ED-6F9F-96D5-0027-F1659DCAEE3B" name="MODELO">
<createdBy>fonat</createdBy>
<createdTime>2026-02-10 02:07:04 UTC</createdTime>
<ownerDesignName>Retail_Solari_SA</ownerDesignName>
<engineerTo>
<item key="4F8CB409-C3DC-ECBE-25EB-22BAFC89332D" value="true"/>
</engineerTo>
<adequatelyNormalized>NO</adequatelyNormalized>
<expectedVolumes>0</expectedVolumes>
<fwdEngineeringStrategyName>Single Table</fwdEngineeringStrategyName>
<growthPercent>0</growthPercent>
<growthType>Year</growthType>
<maxVolumes>9999999</maxVolumes>
<minVolumes>0</minVolumes>
<normalForm>Third</normalForm>
<attributes itemClass="oracle.dbtools.crest.model.design.logical.Attribute">
<Attribute name="id_modelo" id="C75DB85A-8652-BB2D-07B3-0DEF243749CA">
<createdBy>fonat</createdBy>
<createdTime>2026-02-10 02:07:20 UTC</createdTime>
<ownerDesignName>Retail_Solari_SA</ownerDesignName>
<engineerTo>
<item key="4F8CB409-C3DC-ECBE-25EB-22BAFC89332D" value="true"/>
</engineerTo>
<useDomainConstraints>false</useDomainConstraints>
<use>1</use>
<logicalDatatype>LOGDT019</logicalDatatype>
<ownDataTypeParameters>,,</ownDataTypeParameters>
</Attribute>
<Attribute name="descripcion_modelo" id="2D56358C-184A-9368-7BAD-9E96417E0804">
<createdBy>fonat</createdBy>
<createdTime>2026-02-10 02:07:30 UTC</createdTime>
<ownerDesignName>Retail_Solari_SA</ownerDesignName>
<engineerTo>
<item key="4F8CB409-C3DC-ECBE-25EB-22BAFC89332D" value="true"/>
</engineerTo>
<useDomainConstraints>false</useDomainConstraints>
<use>1</use>
<logicalDatatype>LOGDT024</logicalDatatype>
<ownDataTypeParameters>,,</ownDataTypeParameters>
</Attribute>
<Attribute name="id_marca" id="09340A98-8410-D938-DE93-607E4EDD0523">
<createdBy>fonat</createdBy>
<createdTime>2026-02-10 02:22:32 UTC</createdTime>
<generatorID>DA8EB823-3BD1-39E8-49B5-55578AD3E95B</generatorID>
<ownerDesignName>Retail_Solari_SA</ownerDesignName>
<engineerTo>
<item key="4F8CB409-C3DC-ECBE-25EB-22BAFC89332D" value="true"/>
</engineerTo>
<referedAttribute>3A27206B-F08F-F1DB-95A8-F52C3AA1D2CD</referedAttribute>
<useDomainConstraints>false</useDomainConstraints>
<use>1</use>
<logicalDatatype>LOGDT019</logicalDatatype>
<ownDataTypeParameters>,,</ownDataTypeParameters>
</Attribute>
</attributes>
<identifiers itemClass="oracle.dbtools.crest.model.design.logical.CandidateKey">
<identifier id="D03C103A-B97F-2607-3DCB-F9D5E06424F5" name="MODELO PK">
<createdBy>fonat</createdBy>
<createdTime>2026-02-10 02:07:28 UTC</createdTime>
<ownerDesignName>Retail_Solari_SA</ownerDesignName>
<engineerTo>
<item key="4F8CB409-C3DC-ECBE-25EB-22BAFC89332D" value="true"/>
</engineerTo>
<pk>true</pk>
<usedAttributes>
<attributeRef>C75DB85A-8652-BB2D-07B3-0DEF243749CA</attributeRef>
<attributeRef>09340A98-8410-D938-DE93-607E4EDD0523</attributeRef>
</usedAttributes>
</identifier>
</identifiers>
</Entity>