<?xml version = '1.0' encoding = 'UTF-8'?>
<Entity class="oracle.dbtools.crest.model.design.logical.Entity" directorySegmentName="seg_0" id="580A03C6-E925-C723-8889-88A1CA1B9474" name="SUCURSAL">
<createdBy>fonat</createdBy>
<createdTime>2026-02-10 02:04:15 UTC</createdTime>
<ownerDesignName>Retail_Solari_SA</ownerDesignName>
<engineerTo>
<item key="4F8CB409-C3DC-ECBE-25EB-22BAFC89332D" value="true"/>
</engineerTo>
<adequatelyNormalized>NO</adequatelyNormalized>
<expectedVolumes>0</expectedVolumes>
<fwdEngineeringStrategyName>Single Table</fwdEngineeringStrategyName>
<growthPercent>0</growthPercent>
<growthType>Year</growthType>
<maxVolumes>9999999</maxVolumes>
<minVolumes>0</minVolumes>
<normalForm>Third</normalForm>
<attributes itemClass="oracle.dbtools.crest.model.design.logical.Attribute">
<Attribute name="sigla" id="6F8F5E4C-20C7-C85C-2C0E-0AAD21425DC4">
<createdBy>fonat</createdBy>
<createdTime>2026-02-10 02:04:23 UTC</createdTime>
<ownerDesignName>Retail_Solari_SA</ownerDesignName>
<engineerTo>
<item key="4F8CB409-C3DC-ECBE-25EB-22BAFC89332D" value="true"/>
</engineerTo>
<useDomainConstraints>false</useDomainConstraints>
<use>1</use>
<logicalDatatype>LOGDT024</logicalDatatype>
<ownDataTypeParameters>,,</ownDataTypeParameters>
</Attribute>
<Attribute name="nombre" id="9A04F2BC-8637-76EA-14C0-9745884044C4">
<createdBy>fonat</createdBy>
<createdTime>2026-02-10 02:04:35 UTC</createdTime>
<ownerDesignName>Retail_Solari_SA</ownerDesignName>
<engineerTo>
<item key="4F8CB409-C3DC-ECBE-25EB-22BAFC89332D" value="true"/>
</engineerTo>
<useDomainConstraints>false</useDomainConstraints>
<use>1</use>
<logicalDatatype>LOGDT024</logicalDatatype>
<ownDataTypeParameters>,,</ownDataTypeParameters>
</Attribute>
<Attribute name="direccion" id="E889B8AA-EB20-F535-FCB7-5D9B165E0F8B">
<createdBy>fonat</createdBy>
<createdTime>2026-02-10 02:04:47 UTC</createdTime>
<ownerDesignName>Retail_Solari_SA</ownerDesignName>
<engineerTo>
<item key="4F8CB409-C3DC-ECBE-25EB-22BAFC89332D" value="true"/>
</engineerTo>
<useDomainConstraints>false</useDomainConstraints>
<use>1</use>
<logicalDatatype>LOGDT024</logicalDatatype>
<ownDataTypeParameters>,,</ownDataTypeParameters>
</Attribute>
<Attribute name="cod_comuna" id="433C90CF-D03B-91A1-D37A-E708D8BC04B1">
<createdBy>fonat</createdBy>
<createdTime>2026-02-10 02:21:54 UTC</createdTime>
<generatorID>0F410463-2375-A45E-B825-0767CDA1513E</generatorID>
<ownerDesignName>Retail_Solari_SA</ownerDesignName>
<engineerTo>
<item key="4F8CB409-C3DC-ECBE-25EB-22BAFC89332D" value="true"/>
</engineerTo>
<referedAttribute>A761DB79-5F5A-9EC7-F4F0-A7E2FC70C03F</referedAttribute>
<useDomainConstraints>false</useDomainConstraints>
<use>1</use>
<logicalDatatype>LOGDT019</logicalDatatype>
<ownDataTypeParameters>,,</ownDataTypeParameters>
</Attribute>
</attributes>
<identifiers itemClass="oracle.dbtools.crest.model.design.logical.CandidateKey">
<identifier id="BC3C230A-7FC3-264B-9374-BD2A3A49D8A5" name="SUCURSAL PK">
<createdBy>fonat</createdBy>
<createdTime>2026-02-10 02:04:32 UTC</createdTime>
<ownerDesignName>Retail_Solari_SA</ownerDesignName>
<engineerTo>
<item key="4F8CB409-C3DC-ECBE-25EB-22BAFC89332D" value="true"/>
</engineerTo>
<pk>true</pk>
<usedAttributes>
<attributeRef>6F8F5E4C-20C7-C85C-2C0E-0AAD21425DC4</attributeRef>
</usedAttributes>
</identifier>
</identifiers>
</Entity>