<?xml version = '1.0' encoding = 'UTF-8'?>
<Entity class="oracle.dbtools.crest.model.design.logical.Entity" directorySegmentName="seg_0" id="83FEEB68-CFF3-E076-F086-DCED40F40D13" name="BOLETA">
<createdBy>fonat</createdBy>
<createdTime>2026-02-10 02:17:04 UTC</createdTime>
<ownerDesignName>Retail_Solari_SA</ownerDesignName>
<engineerTo>
<item key="4F8CB409-C3DC-ECBE-25EB-22BAFC89332D" value="true"/>
</engineerTo>
<adequatelyNormalized>NO</adequatelyNormalized>
<expectedVolumes>0</expectedVolumes>
<fwdEngineeringStrategyName>Single Table</fwdEngineeringStrategyName>
<growthPercent>0</growthPercent>
<growthType>Year</growthType>
<maxVolumes>9999999</maxVolumes>
<minVolumes>0</minVolumes>
<normalForm>Third</normalForm>
<attributes itemClass="oracle.dbtools.crest.model.design.logical.Attribute">
<Attribute name="nro_boleta" id="19F2712F-E69A-1F42-29B1-13F16926C85B">
<createdBy>fonat</createdBy>
<createdTime>2026-02-10 02:17:19 UTC</createdTime>
<ownerDesignName>Retail_Solari_SA</ownerDesignName>
<engineerTo>
<item key="4F8CB409-C3DC-ECBE-25EB-22BAFC89332D" value="true"/>
</engineerTo>
<useDomainConstraints>false</useDomainConstraints>
<use>1</use>
<logicalDatatype>LOGDT019</logicalDatatype>
<ownDataTypeParameters>,,</ownDataTypeParameters>
</Attribute>
<Attribute name="fecha" id="73E9D93C-EDFA-D782-D818-E5F744C48C44">
<createdBy>fonat</createdBy>
<createdTime>2026-02-10 02:17:27 UTC</createdTime>
<ownerDesignName>Retail_Solari_SA</ownerDesignName>
<engineerTo>
<item key="4F8CB409-C3DC-ECBE-25EB-22BAFC89332D" value="true"/>
</engineerTo>
<useDomainConstraints>false</useDomainConstraints>
<use>1</use>
<logicalDatatype>LOGDT007</logicalDatatype>
<ownDataTypeParameters>,,</ownDataTypeParameters>
</Attribute>
<Attribute name="monto_total" id="FE4A8509-A8D1-A7D2-631C-63F21BBD8F10">
<createdBy>fonat</createdBy>
<createdTime>2026-02-10 02:17:42 UTC</createdTime>
<ownerDesignName>Retail_Solari_SA</ownerDesignName>
<engineerTo>
<item key="4F8CB409-C3DC-ECBE-25EB-22BAFC89332D" value="true"/>
</engineerTo>
<useDomainConstraints>false</useDomainConstraints>
<use>1</use>
<logicalDatatype>LOGDT019</logicalDatatype>
<ownDataTypeParameters>,,</ownDataTypeParameters>
</Attribute>
<Attribute name="id_cliente" id="A8480E8D-40C4-2CD4-C4C1-44DBC991FE18">
<createdBy>fonat</createdBy>
<createdTime>2026-02-10 02:27:52 UTC</createdTime>
<generatorID>ED07B549-99A8-34C4-AC3F-ACF8B2F08CDC</generatorID>
<ownerDesignName>Retail_Solari_SA</ownerDesignName>
<engineerTo>
<item key="4F8CB409-C3DC-ECBE-25EB-22BAFC89332D" value="true"/>
</engineerTo>
<referedAttribute>2569D426-596C-5327-712E-8CA5109848A9</referedAttribute>
<useDomainConstraints>false</useDomainConstraints>
<use>1</use>
<logicalDatatype>LOGDT019</logicalDatatype>
<ownDataTypeParameters>,,</ownDataTypeParameters>
</Attribute>
<Attribute name="sigla" id="91A277DD-F104-8D6C-141D-F2FFBF623BA4">
<createdBy>fonat</createdBy>
<createdTime>2026-02-10 02:28:27 UTC</createdTime>
<generatorID>8B8D3EEF-6686-6698-FD2C-2B7F716952A6</generatorID>
<ownerDesignName>Retail_Solari_SA</ownerDesignName>
<engineerTo>
<item key="4F8CB409-C3DC-ECBE-25EB-22BAFC89332D" value="true"/>
</engineerTo>
<referedAttribute>6F8F5E4C-20C7-C85C-2C0E-0AAD21425DC4</referedAttribute>
<useDomainConstraints>false</useDomainConstraints>
<use>1</use>
<logicalDatatype>LOGDT024</logicalDatatype>
<ownDataTypeParameters>,,</ownDataTypeParameters>
</Attribute>
</attributes>
<identifiers itemClass="oracle.dbtools.crest.model.design.logical.CandidateKey">
<identifier id="99B328D0-A3EF-87CC-C8E9-445CC5819293" name="BOLETA PK">
<createdBy>fonat</createdBy>
<createdTime>2026-02-10 02:17:25 UTC</createdTime>
<ownerDesignName>Retail_Solari_SA</ownerDesignName>
<engineerTo>
<item key="4F8CB409-C3DC-ECBE-25EB-22BAFC89332D" value="true"/>
</engineerTo>
<pk>true</pk>
<usedAttributes>
<attributeRef>19F2712F-E69A-1F42-29B1-13F16926C85B</attributeRef>
</usedAttributes>
</identifier>
</identifiers>
</Entity>