<?xml version = '1.0' encoding = 'UTF-8'?>
<Entity class="oracle.dbtools.crest.model.design.logical.Entity" directorySegmentName="seg_0" id="BC1C3C48-9F59-F3D0-9290-CBF36DA23E07" name="CLIENTE">
<createdBy>fonat</createdBy>
<createdTime>2026-02-10 02:11:47 UTC</createdTime>
<ownerDesignName>Retail_Solari_SA</ownerDesignName>
<engineerTo>
<item key="4F8CB409-C3DC-ECBE-25EB-22BAFC89332D" value="true"/>
</engineerTo>
<adequatelyNormalized>NO</adequatelyNormalized>
<expectedVolumes>0</expectedVolumes>
<fwdEngineeringStrategyName>Single Table</fwdEngineeringStrategyName>
<growthPercent>0</growthPercent>
<growthType>Year</growthType>
<maxVolumes>9999999</maxVolumes>
<minVolumes>0</minVolumes>
<normalForm>Third</normalForm>
<attributes itemClass="oracle.dbtools.crest.model.design.logical.Attribute">
<Attribute name="id_cliente" id="2569D426-596C-5327-712E-8CA5109848A9">
<createdBy>fonat</createdBy>
<createdTime>2026-02-10 02:11:55 UTC</createdTime>
<ownerDesignName>Retail_Solari_SA</ownerDesignName>
<engineerTo>
<item key="4F8CB409-C3DC-ECBE-25EB-22BAFC89332D" value="true"/>
</engineerTo>
<useDomainConstraints>false</useDomainConstraints>
<use>1</use>
<logicalDatatype>LOGDT019</logicalDatatype>
<ownDataTypeParameters>,,</ownDataTypeParameters>
</Attribute>
<Attribute name="nombres" id="2DACE741-214D-68B6-2E50-352699374782">
<createdBy>fonat</createdBy>
<createdTime>2026-02-10 02:12:07 UTC</createdTime>
<ownerDesignName>Retail_Solari_SA</ownerDesignName>
<engineerTo>
<item key="4F8CB409-C3DC-ECBE-25EB-22BAFC89332D" value="true"/>
</engineerTo>
<useDomainConstraints>false</useDomainConstraints>
<use>1</use>
<logicalDatatype>LOGDT024</logicalDatatype>
<ownDataTypeParameters>,,</ownDataTypeParameters>
</Attribute>
<Attribute name="apellido_paterno" id="DE597E40-BFE4-D9FD-E059-CAD72C92C123">
<createdBy>fonat</createdBy>
<createdTime>2026-02-10 02:12:18 UTC</createdTime>
<ownerDesignName>Retail_Solari_SA</ownerDesignName>
<engineerTo>
<item key="4F8CB409-C3DC-ECBE-25EB-22BAFC89332D" value="true"/>
</engineerTo>
<useDomainConstraints>false</useDomainConstraints>
<use>1</use>
<logicalDatatype>LOGDT024</logicalDatatype>
<ownDataTypeParameters>,,</ownDataTypeParameters>
</Attribute>
<Attribute name="apellido_materno" id="D61D3585-DDDB-46AA-EBC2-0D26D3238652">
<createdBy>fonat</createdBy>
<createdTime>2026-02-10 02:12:28 UTC</createdTime>
<ownerDesignName>Retail_Solari_SA</ownerDesignName>
<engineerTo>
<item key="4F8CB409-C3DC-ECBE-25EB-22BAFC89332D" value="true"/>
</engineerTo>
<nullsAllowed>true</nullsAllowed>
<useDomainConstraints>false</useDomainConstraints>
<use>1</use>
<logicalDatatype>LOGDT024</logicalDatatype>
<ownDataTypeParameters>,,</ownDataTypeParameters>
</Attribute>
<Attribute name="telefono" id="A0B99DF5-3C6D-D6EC-8EDA-F405C472380E">
<createdBy>fonat</createdBy>
<createdTime>2026-02-10 02:12:41 UTC</createdTime>
<ownerDesignName>Retail_Solari_SA</ownerDesignName>
<engineerTo>
<item key="4F8CB409-C3DC-ECBE-25EB-22BAFC89332D" value="true"/>
</engineerTo>
<useDomainConstraints>false</useDomainConstraints>
<use>1</use>
<logicalDatatype>LOGDT024</logicalDatatype>
<ownDataTypeParameters>,,</ownDataTypeParameters>
</Attribute>
<Attribute name="cod_comuna" id="CB5A4B78-EF75-438E-4450-BF4DE7F82161">
<createdBy>fonat</createdBy>
<createdTime>2026-02-10 02:22:19 UTC</createdTime>
<generatorID>11B20147-563A-EE82-EDE0-423D32DD799A</generatorID>
<ownerDesignName>Retail_Solari_SA</ownerDesignName>
<engineerTo>
<item key="4F8CB409-C3DC-ECBE-25EB-22BAFC89332D" value="true"/>
</engineerTo>
<referedAttribute>A761DB79-5F5A-9EC7-F4F0-A7E2FC70C03F</referedAttribute>
<useDomainConstraints>false</useDomainConstraints>
<use>1</use>
<logicalDatatype>LOGDT019</logicalDatatype>
<ownDataTypeParameters>,,</ownDataTypeParameters>
</Attribute>
</attributes>
<identifiers itemClass="oracle.dbtools.crest.model.design.logical.CandidateKey">
<identifier id="F9115AA5-7674-EA0D-D1F4-CFAC0E2FEDB6" name="CLIENTE PK">
<createdBy>fonat</createdBy>
<createdTime>2026-02-10 02:12:05 UTC</createdTime>
<ownerDesignName>Retail_Solari_SA</ownerDesignName>
<engineerTo>
<item key="4F8CB409-C3DC-ECBE-25EB-22BAFC89332D" value="true"/>
</engineerTo>
<pk>true</pk>
<usedAttributes>
<attributeRef>2569D426-596C-5327-712E-8CA5109848A9</attributeRef>
</usedAttributes>
</identifier>
</identifiers>
</Entity>