<?xml version = '1.0' encoding = 'UTF-8'?>
<Entity class="oracle.dbtools.crest.model.design.logical.Entity" directorySegmentName="seg_0" id="C1F7F4B0-A584-C571-F58B-30147AA790EF" name="DETALLE_BOLETA">
<createdBy>fonat</createdBy>
<createdTime>2026-02-10 02:18:09 UTC</createdTime>
<ownerDesignName>Retail_Solari_SA</ownerDesignName>
<engineerTo>
<item key="4F8CB409-C3DC-ECBE-25EB-22BAFC89332D" value="true"/>
</engineerTo>
<adequatelyNormalized>NO</adequatelyNormalized>
<expectedVolumes>0</expectedVolumes>
<fwdEngineeringStrategyName>Single Table</fwdEngineeringStrategyName>
<growthPercent>0</growthPercent>
<growthType>Year</growthType>
<maxVolumes>9999999</maxVolumes>
<minVolumes>0</minVolumes>
<normalForm>Third</normalForm>
<attributes itemClass="oracle.dbtools.crest.model.design.logical.Attribute">
<Attribute name="nro_linea" id="C491B5FC-24F4-0314-E24B-EBF6FA0949CE">
<createdBy>fonat</createdBy>
<createdTime>2026-02-10 02:18:21 UTC</createdTime>
<ownerDesignName>Retail_Solari_SA</ownerDesignName>
<engineerTo>
<item key="4F8CB409-C3DC-ECBE-25EB-22BAFC89332D" value="true"/>
</engineerTo>
<useDomainConstraints>false</useDomainConstraints>
<use>1</use>
<logicalDatatype>LOGDT019</logicalDatatype>
<ownDataTypeParameters>,,</ownDataTypeParameters>
</Attribute>
<Attribute name="cantidad" id="45DC2944-D3BD-6466-B4A9-897031EF1888">
<createdBy>fonat</createdBy>
<createdTime>2026-02-10 02:18:30 UTC</createdTime>
<ownerDesignName>Retail_Solari_SA</ownerDesignName>
<engineerTo>
<item key="4F8CB409-C3DC-ECBE-25EB-22BAFC89332D" value="true"/>
</engineerTo>
<useDomainConstraints>false</useDomainConstraints>
<use>1</use>
<logicalDatatype>LOGDT019</logicalDatatype>
<ownDataTypeParameters>,,</ownDataTypeParameters>
</Attribute>
<Attribute name="precio_unitario" id="33182D09-6289-34F9-10C9-A39A8B75B4D3">
<createdBy>fonat</createdBy>
<createdTime>2026-02-10 02:18:45 UTC</createdTime>
<ownerDesignName>Retail_Solari_SA</ownerDesignName>
<engineerTo>
<item key="4F8CB409-C3DC-ECBE-25EB-22BAFC89332D" value="true"/>
</engineerTo>
<useDomainConstraints>false</useDomainConstraints>
<use>1</use>
<logicalDatatype>LOGDT019</logicalDatatype>
<ownDataTypeParameters>,,</ownDataTypeParameters>
</Attribute>
<Attribute name="nro_boleta" id="2E1451CA-93BC-1BD4-156B-236ADAA9D2F2">
<createdBy>fonat</createdBy>
<createdTime>2026-02-10 02:28:48 UTC</createdTime>
<generatorID>8FC085E4-B601-63BD-BD9A-B371A54B8568</generatorID>
<ownerDesignName>Retail_Solari_SA</ownerDesignName>
<engineerTo>
<item key="4F8CB409-C3DC-ECBE-25EB-22BAFC89332D" value="true"/>
</engineerTo>
<referedAttribute>19F2712F-E69A-1F42-29B1-13F16926C85B</referedAttribute>
<useDomainConstraints>false</useDomainConstraints>
<use>1</use>
<logicalDatatype>LOGDT019</logicalDatatype>
<ownDataTypeParameters>,,</ownDataTypeParameters>
</Attribute>
<Attribute name="id_producto" id="66FF08EB-D87A-C970-6EF5-4358821E5B56">
<createdBy>fonat</createdBy>
<createdTime>2026-02-10 02:29:05 UTC</createdTime>
<generatorID>4C568C19-18DB-44C5-196F-F3C64FE5A55A</generatorID>
<ownerDesignName>Retail_Solari_SA</ownerDesignName>
<engineerTo>
<item key="4F8CB409-C3DC-ECBE-25EB-22BAFC89332D" value="true"/>
</engineerTo>
<referedAttribute>2CF4DE0C-E372-08DA-44FD-0C9FECA0B691</referedAttribute>
<useDomainConstraints>false</useDomainConstraints>
<use>1</use>
<logicalDatatype>LOGDT019</logicalDatatype>
<ownDataTypeParameters>,,</ownDataTypeParameters>
</Attribute>
<Attribute name="sigla" id="AE6BEEFF-FCDF-75A1-5DED-AB9A001FA2D4">
<createdBy>fonat</createdBy>
<createdTime>2026-02-10 02:29:05 UTC</createdTime>
<generatorID>4C568C19-18DB-44C5-196F-F3C64FE5A55A</generatorID>
<ownerDesignName>Retail_Solari_SA</ownerDesignName>
<engineerTo>
<item key="4F8CB409-C3DC-ECBE-25EB-22BAFC89332D" value="true"/>
</engineerTo>
<referedAttribute>16F9630F-5C67-0743-509E-411C0C8894C8</referedAttribute>
<useDomainConstraints>false</useDomainConstraints>
<use>1</use>
<logicalDatatype>LOGDT024</logicalDatatype>
<ownDataTypeParameters>,,</ownDataTypeParameters>
</Attribute>
</attributes>
<identifiers itemClass="oracle.dbtools.crest.model.design.logical.CandidateKey">
<identifier id="19FAC7AD-A76B-2F85-4E89-E3C6162BB1F8" name="DETALLE_BOLETA PK">
<createdBy>fonat</createdBy>
<createdTime>2026-02-10 02:18:28 UTC</createdTime>
<ownerDesignName>Retail_Solari_SA</ownerDesignName>
<engineerTo>
<item key="4F8CB409-C3DC-ECBE-25EB-22BAFC89332D" value="true"/>
</engineerTo>
<pk>true</pk>
<usedAttributes>
<attributeRef>C491B5FC-24F4-0314-E24B-EBF6FA0949CE</attributeRef>
<attributeRef>2E1451CA-93BC-1BD4-156B-236ADAA9D2F2</attributeRef>
</usedAttributes>
</identifier>
</identifiers>
</Entity>