<?xml version = '1.0' encoding = 'UTF-8'?>
<Entity class="oracle.dbtools.crest.model.design.logical.Entity" directorySegmentName="seg_0" id="EE5A4D02-CB67-F6AF-6DAF-FD4BED018508" name="PRODUCTO">
<createdBy>fonat</createdBy>
<createdTime>2026-02-10 02:13:08 UTC</createdTime>
<ownerDesignName>Retail_Solari_SA</ownerDesignName>
<engineerTo>
<item key="4F8CB409-C3DC-ECBE-25EB-22BAFC89332D" value="true"/>
</engineerTo>
<adequatelyNormalized>NO</adequatelyNormalized>
<expectedVolumes>0</expectedVolumes>
<fwdEngineeringStrategyName>Single Table</fwdEngineeringStrategyName>
<growthPercent>0</growthPercent>
<growthType>Year</growthType>
<maxVolumes>9999999</maxVolumes>
<minVolumes>0</minVolumes>
<normalForm>Third</normalForm>
<attributes itemClass="oracle.dbtools.crest.model.design.logical.Attribute">
<Attribute name="id_producto" id="2CF4DE0C-E372-08DA-44FD-0C9FECA0B691">
<createdBy>fonat</createdBy>
<createdTime>2026-02-10 02:13:15 UTC</createdTime>
<ownerDesignName>Retail_Solari_SA</ownerDesignName>
<engineerTo>
<item key="4F8CB409-C3DC-ECBE-25EB-22BAFC89332D" value="true"/>
</engineerTo>
<useDomainConstraints>false</useDomainConstraints>
<use>1</use>
<logicalDatatype>LOGDT019</logicalDatatype>
<ownDataTypeParameters>,,</ownDataTypeParameters>
</Attribute>
<Attribute name="nombre_producto" id="0A6A1D35-090D-0805-D3CB-5895A7AAB81F">
<createdBy>fonat</createdBy>
<createdTime>2026-02-10 02:16:07 UTC</createdTime>
<ownerDesignName>Retail_Solari_SA</ownerDesignName>
<engineerTo>
<item key="4F8CB409-C3DC-ECBE-25EB-22BAFC89332D" value="true"/>
</engineerTo>
<useDomainConstraints>false</useDomainConstraints>
<use>1</use>
<logicalDatatype>LOGDT024</logicalDatatype>
<ownDataTypeParameters>,,</ownDataTypeParameters>
</Attribute>
<Attribute name="descripcion" id="7739E9C9-6C46-1265-D511-7C125B8F8FE1">
<createdBy>fonat</createdBy>
<createdTime>2026-02-10 02:16:20 UTC</createdTime>
<ownerDesignName>Retail_Solari_SA</ownerDesignName>
<engineerTo>
<item key="4F8CB409-C3DC-ECBE-25EB-22BAFC89332D" value="true"/>
</engineerTo>
<useDomainConstraints>false</useDomainConstraints>
<use>1</use>
<logicalDatatype>LOGDT024</logicalDatatype>
<ownDataTypeParameters>,,</ownDataTypeParameters>
</Attribute>
<Attribute name="fecha_vencimiento" id="8362EDF5-33FE-DF14-005C-D7333BF156C9">
<createdBy>fonat</createdBy>
<createdTime>2026-02-10 02:16:31 UTC</createdTime>
<ownerDesignName>Retail_Solari_SA</ownerDesignName>
<engineerTo>
<item key="4F8CB409-C3DC-ECBE-25EB-22BAFC89332D" value="true"/>
</engineerTo>
<nullsAllowed>true</nullsAllowed>
<useDomainConstraints>false</useDomainConstraints>
<use>1</use>
<logicalDatatype>LOGDT030</logicalDatatype>
<ownDataTypeParameters>,,</ownDataTypeParameters>
</Attribute>
<Attribute name="precio_unitario" id="F165E29C-6C53-90ED-D740-F34E2B8CDBBF">
<createdBy>fonat</createdBy>
<createdTime>2026-02-10 02:16:42 UTC</createdTime>
<ownerDesignName>Retail_Solari_SA</ownerDesignName>
<engineerTo>
<item key="4F8CB409-C3DC-ECBE-25EB-22BAFC89332D" value="true"/>
</engineerTo>
<useDomainConstraints>false</useDomainConstraints>
<use>1</use>
<logicalDatatype>LOGDT019</logicalDatatype>
<ownDataTypeParameters>,,</ownDataTypeParameters>
</Attribute>
<Attribute name="sigla" id="16F9630F-5C67-0743-509E-411C0C8894C8">
<createdBy>fonat</createdBy>
<createdTime>2026-02-10 02:27:11 UTC</createdTime>
<generatorID>0126FEE6-AAED-A143-91D5-907A70D7CFE3</generatorID>
<ownerDesignName>Retail_Solari_SA</ownerDesignName>
<engineerTo>
<item key="4F8CB409-C3DC-ECBE-25EB-22BAFC89332D" value="true"/>
</engineerTo>
<referedAttribute>6F8F5E4C-20C7-C85C-2C0E-0AAD21425DC4</referedAttribute>
<useDomainConstraints>false</useDomainConstraints>
<use>1</use>
<logicalDatatype>LOGDT024</logicalDatatype>
<ownDataTypeParameters>,,</ownDataTypeParameters>
</Attribute>
<Attribute name="id_categoria" id="DE5CE319-BA47-5405-97E2-C99B969A615F">
<createdBy>fonat</createdBy>
<createdTime>2026-02-10 02:27:30 UTC</createdTime>
<generatorID>6379A6F2-BE80-9165-6EAD-70E576B28F38</generatorID>
<ownerDesignName>Retail_Solari_SA</ownerDesignName>
<engineerTo>
<item key="4F8CB409-C3DC-ECBE-25EB-22BAFC89332D" value="true"/>
</engineerTo>
<referedAttribute>D99A13D8-F89B-E2F4-6F64-9E917FDC9879</referedAttribute>
<useDomainConstraints>false</useDomainConstraints>
<use>1</use>
<logicalDatatype>LOGDT019</logicalDatatype>
<ownDataTypeParameters>,,</ownDataTypeParameters>
</Attribute>
</attributes>
<identifiers itemClass="oracle.dbtools.crest.model.design.logical.CandidateKey">
<identifier id="DF4885E4-4F1E-C98A-4E4D-3DA2876A215D" name="PRODUCTO PK">
<createdBy>fonat</createdBy>
<createdTime>2026-02-10 02:16:04 UTC</createdTime>
<ownerDesignName>Retail_Solari_SA</ownerDesignName>
<engineerTo>
<item key="4F8CB409-C3DC-ECBE-25EB-22BAFC89332D" value="true"/>
</engineerTo>
<pk>true</pk>
<usedAttributes>
<attributeRef>2CF4DE0C-E372-08DA-44FD-0C9FECA0B691</attributeRef>
<attributeRef>16F9630F-5C67-0743-509E-411C0C8894C8</attributeRef>
</usedAttributes>
</identifier>
</identifiers>
</Entity>