<?xml version = '1.0' encoding = 'UTF-8'?>
<Entity class="oracle.dbtools.crest.model.design.logical.Entity" directorySegmentName="seg_0" id="EE67C3FF-9EB7-D89E-7246-645944EEDDCD" name="COMUNA">
<createdBy>fonat</createdBy>
<createdTime>2026-02-10 02:03:29 UTC</createdTime>
<ownerDesignName>Retail_Solari_SA</ownerDesignName>
<engineerTo>
<item key="4F8CB409-C3DC-ECBE-25EB-22BAFC89332D" value="true"/>
</engineerTo>
<adequatelyNormalized>NO</adequatelyNormalized>
<expectedVolumes>0</expectedVolumes>
<fwdEngineeringStrategyName>Single Table</fwdEngineeringStrategyName>
<growthPercent>0</growthPercent>
<growthType>Year</growthType>
<maxVolumes>9999999</maxVolumes>
<minVolumes>0</minVolumes>
<normalForm>Third</normalForm>
<attributes itemClass="oracle.dbtools.crest.model.design.logical.Attribute">
<Attribute name="cod_comuna" id="A761DB79-5F5A-9EC7-F4F0-A7E2FC70C03F">
<createdBy>fonat</createdBy>
<createdTime>2026-02-10 02:03:42 UTC</createdTime>
<ownerDesignName>Retail_Solari_SA</ownerDesignName>
<engineerTo>
<item key="4F8CB409-C3DC-ECBE-25EB-22BAFC89332D" value="true"/>
</engineerTo>
<useDomainConstraints>false</useDomainConstraints>
<use>1</use>
<logicalDatatype>LOGDT019</logicalDatatype>
<ownDataTypeParameters>,,</ownDataTypeParameters>
</Attribute>
<Attribute name="nombre_comuna" id="49B556CB-BD6E-71B6-1041-7EB1633762CB">
<createdBy>fonat</createdBy>
<createdTime>2026-02-10 02:03:56 UTC</createdTime>
<ownerDesignName>Retail_Solari_SA</ownerDesignName>
<engineerTo>
<item key="4F8CB409-C3DC-ECBE-25EB-22BAFC89332D" value="true"/>
</engineerTo>
<useDomainConstraints>false</useDomainConstraints>
<use>1</use>
<logicalDatatype>LOGDT024</logicalDatatype>
<ownDataTypeParameters>,,</ownDataTypeParameters>
</Attribute>
<Attribute name="cod_region" id="CFC80D04-FB13-F688-E921-AB7FF980F342">
<createdBy>fonat</createdBy>
<createdTime>2026-02-10 02:20:40 UTC</createdTime>
<generatorID>F4DA62D3-0947-7358-A95A-805D43695F7F</generatorID>
<ownerDesignName>Retail_Solari_SA</ownerDesignName>
<engineerTo>
<item key="4F8CB409-C3DC-ECBE-25EB-22BAFC89332D" value="true"/>
</engineerTo>
<referedAttribute>C1291ABA-1026-6677-7428-61BD1A7F4541</referedAttribute>
<useDomainConstraints>false</useDomainConstraints>
<use>1</use>
<logicalDatatype>LOGDT019</logicalDatatype>
<ownDataTypeParameters>,,</ownDataTypeParameters>
</Attribute>
</attributes>
<identifiers itemClass="oracle.dbtools.crest.model.design.logical.CandidateKey">
<identifier id="CDE59A93-6865-5BCB-20B5-FA3EAD0CD473" name="COMUNA PK">
<createdBy>fonat</createdBy>
<createdTime>2026-02-10 02:03:52 UTC</createdTime>
<ownerDesignName>Retail_Solari_SA</ownerDesignName>
<engineerTo>
<item key="4F8CB409-C3DC-ECBE-25EB-22BAFC89332D" value="true"/>
</engineerTo>
<pk>true</pk>
<usedAttributes>
<attributeRef>A761DB79-5F5A-9EC7-F4F0-A7E2FC70C03F</attributeRef>
</usedAttributes>
</identifier>
</identifiers>
</Entity>