<?xml version = '1.0' encoding = 'UTF-8'?>
<relationalModel class="oracle.dbtools.crest.model.design.relational.RelationalDesign" name="Relational_1" id="4F8CB409-C3DC-ECBE-25EB-22BAFC89332D" mainViewID="86BC4E1E-3C99-70DE-5C43-2D7C71F395D0">
<createdBy>fonat</createdBy>
<createdTime>2026-02-10 01:52:04 UTC</createdTime>
<ownerDesignName>Retail_Solari_SA</ownerDesignName>
<shouldBeOpen>false</shouldBeOpen>
<selectedRDBMSSite>32076570-2523-435C-2E92-BF29817DFF70</selectedRDBMSSite>
</relationalModel>