<?xml version = '1.0' encoding = 'UTF-8'?>
<Relation class="oracle.dbtools.crest.model.design.logical.Relation" name="Relation_4" directorySegmentName="seg_0" id="3A84E140-D205-B3B4-5665-625523C94C2C">
<createdBy>fonat</createdBy>
<createdTime>2026-01-27 01:40:48 UTC</createdTime>
<ownerDesignName>HiLogic_Solutions</ownerDesignName>
<engineerTo>
<item key="9FB55C2E-E831-9B62-67A9-FE47880DCE8A" value="true"/>
</engineerTo>
<sourcePk>6584C559-2F2C-5A2C-AEF7-43A6BBACC1C9</sourcePk>
<identifying>false</identifying>
<optionalSource>true</optionalSource>
<optionalTarget>false</optionalTarget>
<sourceCardinality>1</sourceCardinality>
<sourceEntity>01D22740-948F-A5B6-5A7F-FDE5F6E87162</sourceEntity>
<targetCardinalityString>*</targetCardinalityString>
<targetEntity>8CC9CD09-B980-8247-39EA-6E6B149865A9</targetEntity>
<transferable>true</transferable>
<deleteRule>NO ACTION</deleteRule>
</Relation>
