<?xml version = '1.0' encoding = 'UTF-8'?>
<Relation class="oracle.dbtools.crest.model.design.logical.Relation" name="contrata" directorySegmentName="seg_0" id="5B67C29E-2416-CA0E-8BFA-031C4E7351EF">
<createdBy>fonat</createdBy>
<createdTime>2026-01-27 01:39:04 UTC</createdTime>
<ownerDesignName>HiLogic_Solutions</ownerDesignName>
<engineerTo>
<item key="9FB55C2E-E831-9B62-67A9-FE47880DCE8A" value="true"/>
</engineerTo>
<sourcePk>2D5AFC6D-982E-C958-58E8-7C5DB11C4A6E</sourcePk>
<targetPk>AEC565F7-9A58-71C4-3335-71D3AFAC596C</targetPk>
<identifying>false</identifying>
<optionalSource>true</optionalSource>
<optionalTarget>false</optionalTarget>
<sourceCardinality>1</sourceCardinality>
<sourceEntity>7638D8B9-59B7-80B4-9C39-DE27799D1827</sourceEntity>
<targetCardinalityString>*</targetCardinalityString>
<targetEntity>EFCBA332-EF3C-8584-9EEF-C3C260C0B10B</targetEntity>
<transferable>true</transferable>
<deleteRule>NO ACTION</deleteRule>
</Relation>
