<?xml version = '1.0' encoding = 'UTF-8'?>
<Relation class="oracle.dbtools.crest.model.design.logical.Relation" name="Relation_5" directorySegmentName="seg_0" id="64AF0319-B32A-9EB3-7957-0578CDC6300D">
<createdBy>fonat</createdBy>
<createdTime>2026-01-27 01:45:01 UTC</createdTime>
<ownerDesignName>HiLogic_Solutions</ownerDesignName>
<engineerTo>
<item key="9FB55C2E-E831-9B62-67A9-FE47880DCE8A" value="true"/>
</engineerTo>
<sourcePk>A056007B-FC56-E828-A289-126CEB44AA2E</sourcePk>
<identifying>false</identifying>
<optionalSource>true</optionalSource>
<optionalTarget>false</optionalTarget>
<sourceCardinality>1</sourceCardinality>
<sourceEntity>CECC3623-5A2D-CD86-F279-F1457B43D9E8</sourceEntity>
<targetCardinalityString>*</targetCardinalityString>
<targetEntity>B13D5EEB-A6CE-D197-B434-48DC64006C27</targetEntity>
<transferable>true</transferable>
<deleteRule>NO ACTION</deleteRule>
</Relation>
