<?xml version = '1.0' encoding = 'UTF-8'?>
<Relation class="oracle.dbtools.crest.model.design.logical.Relation" name="realiza" directorySegmentName="seg_0" id="B32BC644-C06B-A42B-B4FC-FC8876222BBB">
<createdBy>fonat</createdBy>
<createdTime>2026-01-27 01:35:03 UTC</createdTime>
<ownerDesignName>HiLogic_Solutions</ownerDesignName>
<engineerTo>
<item key="9FB55C2E-E831-9B62-67A9-FE47880DCE8A" value="true"/>
</engineerTo>
<sourcePk>64CE3AA5-A29D-B2D5-5D50-ADB9482EC8CE</sourcePk>
<identifying>false</identifying>
<optionalSource>true</optionalSource>
<optionalTarget>false</optionalTarget>
<sourceCardinality>1</sourceCardinality>
<sourceEntity>A537A042-C98B-76A4-D2EE-BEC186154701</sourceEntity>
<targetCardinalityString>*</targetCardinalityString>
<targetEntity>CECC3623-5A2D-CD86-F279-F1457B43D9E8</targetEntity>
<transferable>true</transferable>
<deleteRule>NO ACTION</deleteRule>
</Relation>
