<?xml version = '1.0' encoding = 'UTF-8'?>
<Relation class="oracle.dbtools.crest.model.design.logical.Relation" name="tiene" directorySegmentName="seg_0" id="CAF45697-2C2D-FDD8-0C0D-5DCE66D8DCE0">
<createdBy>fonat</createdBy>
<createdTime>2026-01-27 01:37:09 UTC</createdTime>
<ownerDesignName>HiLogic_Solutions</ownerDesignName>
<engineerTo>
<item key="9FB55C2E-E831-9B62-67A9-FE47880DCE8A" value="true"/>
</engineerTo>
<sourceTransferable>false</sourceTransferable>
<targetTransferable>false</targetTransferable>
<sourcePk>C34C426D-3D80-86FE-E303-8AB00B1F4912</sourcePk>
<targetPk>AEC565F7-9A58-71C4-3335-71D3AFAC596C</targetPk>
<identifying>false</identifying>
<optionalSource>true</optionalSource>
<optionalTarget>false</optionalTarget>
<sourceCardinality>1</sourceCardinality>
<sourceEntity>4775D1A7-6BF5-0E06-7A9D-813742CB243E</sourceEntity>
<targetCardinalityString>*</targetCardinalityString>
<targetEntity>EFCBA332-EF3C-8584-9EEF-C3C260C0B10B</targetEntity>
<transferable>true</transferable>
<deleteRule>NO ACTION</deleteRule>
</Relation>
