<?xml version = '1.0' encoding = 'UTF-8'?>
<Relation class="oracle.dbtools.crest.model.design.logical.Relation" name="Relation_6" directorySegmentName="seg_0" id="D19F31DC-4829-5DB7-7B01-1594C0409D6C">
<createdBy>fonat</createdBy>
<createdTime>2026-01-27 01:46:01 UTC</createdTime>
<ownerDesignName>HiLogic_Solutions</ownerDesignName>
<engineerTo>
<item key="9FB55C2E-E831-9B62-67A9-FE47880DCE8A" value="true"/>
</engineerTo>
<sourcePk>1D84B6B3-96E0-32BA-8546-B24C4D229FFB</sourcePk>
<identifying>false</identifying>
<optionalSource>true</optionalSource>
<optionalTarget>false</optionalTarget>
<sourceCardinality>1</sourceCardinality>
<sourceEntity>A9A641D9-E7A7-EADB-1017-78F4D19923B3</sourceEntity>
<targetCardinalityString>*</targetCardinalityString>
<targetEntity>B13D5EEB-A6CE-D197-B434-48DC64006C27</targetEntity>
<transferable>true</transferable>
<deleteRule>NO ACTION</deleteRule>
</Relation>
