<?xml version = '1.0' encoding = 'UTF-8'?>
<relationalModel class="oracle.dbtools.crest.model.design.relational.RelationalDesign" name="Relational_1" id="9FB55C2E-E831-9B62-67A9-FE47880DCE8A" mainViewID="5096B445-3343-1AAB-A84C-80ED1219B800">
<createdBy>fonat</createdBy>
<createdTime>2026-01-26 23:31:45 UTC</createdTime>
<ownerDesignName>HiLogic_Solutions</ownerDesignName>
<shouldBeOpen>false</shouldBeOpen>
<selectedRDBMSSite>32076570-2523-435C-2E92-BF29817DFF70</selectedRDBMSSite>
</relationalModel>
