<?xml version = '1.0' encoding = 'UTF-8'?>
<Relation class="oracle.dbtools.crest.model.design.logical.InheritanceRelation" name="Hierarchy_3" directorySegmentName="seg_0" id="9678C83E-3F99-ED61-C4D4-0635DA641131">
<createdBy>fonat</createdBy>
<createdTime>2026-01-27 01:31:51 UTC</createdTime>
<ownerDesignName>HiLogic_Solutions</ownerDesignName>
<engineerTo>
<item key="9FB55C2E-E831-9B62-67A9-FE47880DCE8A" value="true"/>
</engineerTo>
<identifying>false</identifying>
<nameOnSource>Super Type</nameOnSource>
<nameOnTarget>Sub Type</nameOnTarget>
<optionalSource>true</optionalSource>
<optionalTarget>true</optionalTarget>
<sourceEntity>EFCBA332-EF3C-8584-9EEF-C3C260C0B10B</sourceEntity>
<targetEntity>8CC9CD09-B980-8247-39EA-6E6B149865A9</targetEntity>
<transferable>true</transferable>
<deleteRule>NO ACTION</deleteRule>
</Relation>
