<?xml version = '1.0' encoding = 'UTF-8'?>
<Entity class="oracle.dbtools.crest.model.design.logical.Entity" directorySegmentName="seg_0" id="25586A78-E1D8-C2BD-333A-2EC8AD137D72" name="CLIENTE_NORMAL">
<createdBy>fonat</createdBy>
<createdTime>2026-01-27 01:28:20 UTC</createdTime>
<ownerDesignName>HiLogic_Solutions</ownerDesignName>
<engineerTo>
<item key="9FB55C2E-E831-9B62-67A9-FE47880DCE8A" value="true"/>
</engineerTo>
<adequatelyNormalized>NO</adequatelyNormalized>
<expectedVolumes>0</expectedVolumes>
<fwdEngineeringStrategyName>Single Table</fwdEngineeringStrategyName>
<growthPercent>0</growthPercent>
<growthType>Year</growthType>
<hierarchicalParent>A537A042-C98B-76A4-D2EE-BEC186154701</hierarchicalParent>
<maxVolumes>9999999</maxVolumes>
<minVolumes>0</minVolumes>
<normalForm>Third</normalForm>
<attributes itemClass="oracle.dbtools.crest.model.design.logical.Attribute">
<Attribute name="descuento_fijo" id="F74E9C88-E8A8-E6A6-8157-F9A8D9A8D562">
<createdBy>fonat</createdBy>
<createdTime>2026-01-27 01:28:40 UTC</createdTime>
<ownerDesignName>HiLogic_Solutions</ownerDesignName>
<engineerTo>
<item key="9FB55C2E-E831-9B62-67A9-FE47880DCE8A" value="true"/>
</engineerTo>
<useDomainConstraints>false</useDomainConstraints>
<use>1</use>
<logicalDatatype>LOGDT019</logicalDatatype>
<ownDataTypeParameters>,,</ownDataTypeParameters>
</Attribute>
</attributes>
</Entity>
