<?xml version = '1.0' encoding = 'UTF-8'?>
<Entity class="oracle.dbtools.crest.model.design.logical.Entity" directorySegmentName="seg_0" id="8CC9CD09-B980-8247-39EA-6E6B149865A9" name="CONTRATO_INDEFINIDO">
<createdBy>fonat</createdBy>
<createdTime>2026-01-27 01:31:34 UTC</createdTime>
<ownerDesignName>HiLogic_Solutions</ownerDesignName>
<engineerTo>
<item key="9FB55C2E-E831-9B62-67A9-FE47880DCE8A" value="true"/>
</engineerTo>
<adequatelyNormalized>NO</adequatelyNormalized>
<expectedVolumes>0</expectedVolumes>
<fwdEngineeringStrategyName>Single Table</fwdEngineeringStrategyName>
<growthPercent>0</growthPercent>
<growthType>Year</growthType>
<hierarchicalParent>EFCBA332-EF3C-8584-9EEF-C3C260C0B10B</hierarchicalParent>
<maxVolumes>9999999</maxVolumes>
<minVolumes>0</minVolumes>
<normalForm>Third</normalForm>
<attributes itemClass="oracle.dbtools.crest.model.design.logical.Attribute">
<Attribute name="afp" id="8C007A26-3DAF-D201-47A3-F85E2520592C">
<createdBy>fonat</createdBy>
<createdTime>2026-01-27 01:31:55 UTC</createdTime>
<ownerDesignName>HiLogic_Solutions</ownerDesignName>
<engineerTo>
<item key="9FB55C2E-E831-9B62-67A9-FE47880DCE8A" value="true"/>
</engineerTo>
<useDomainConstraints>false</useDomainConstraints>
<use>1</use>
<logicalDatatype>LOGDT024</logicalDatatype>
<dataTypeSize>50 CHAR</dataTypeSize>
<ownDataTypeParameters>50 CHAR,,</ownDataTypeParameters>
</Attribute>
<Attribute name="sistema_salud" id="3F6C76F5-5C1E-CA5D-8195-ECCE3CAB7D7E">
<createdBy>fonat</createdBy>
<createdTime>2026-01-27 01:32:08 UTC</createdTime>
<ownerDesignName>HiLogic_Solutions</ownerDesignName>
<engineerTo>
<item key="9FB55C2E-E831-9B62-67A9-FE47880DCE8A" value="true"/>
</engineerTo>
<useDomainConstraints>false</useDomainConstraints>
<use>1</use>
<logicalDatatype>LOGDT024</logicalDatatype>
<dataTypeSize>50 CHAR</dataTypeSize>
<ownDataTypeParameters>50 CHAR,,</ownDataTypeParameters>
</Attribute>
<Attribute name="codigo_cargo" id="E4E1D2F5-24B5-E1BF-E336-4732200E64DD">
<createdBy>fonat</createdBy>
<createdTime>2026-01-27 01:42:34 UTC</createdTime>
<generatorID>3A84E140-D205-B3B4-5665-625523C94C2C</generatorID>
<ownerDesignName>HiLogic_Solutions</ownerDesignName>
<engineerTo>
<item key="9FB55C2E-E831-9B62-67A9-FE47880DCE8A" value="true"/>
</engineerTo>
<referedAttribute>9691456E-A9C0-EBE7-6078-D73CE2788A78</referedAttribute>
<useDomainConstraints>false</useDomainConstraints>
<use>1</use>
<logicalDatatype>LOGDT019</logicalDatatype>
<ownDataTypeParameters>,,</ownDataTypeParameters>
</Attribute>
</attributes>
</Entity>
