<?xml version = '1.0' encoding = 'UTF-8'?>
<Entity class="oracle.dbtools.crest.model.design.logical.Entity" directorySegmentName="seg_0" id="EFCBA332-EF3C-8584-9EEF-C3C260C0B10B" name="CONTRATO">
<createdBy>fonat</createdBy>
<createdTime>2026-01-27 01:29:35 UTC</createdTime>
<ownerDesignName>HiLogic_Solutions</ownerDesignName>
<engineerTo>
<item key="9FB55C2E-E831-9B62-67A9-FE47880DCE8A" value="true"/>
</engineerTo>
<adequatelyNormalized>NO</adequatelyNormalized>
<expectedVolumes>0</expectedVolumes>
<fwdEngineeringStrategyName>Single Table</fwdEngineeringStrategyName>
<growthPercent>0</growthPercent>
<growthType>Year</growthType>
<maxVolumes>9999999</maxVolumes>
<minVolumes>0</minVolumes>
<normalForm>Third</normalForm>
<attributes itemClass="oracle.dbtools.crest.model.design.logical.Attribute">
<Attribute name="numero_contrato" id="3F3D1612-0066-F175-7250-FCDBD1BAC87C">
<createdBy>fonat</createdBy>
<createdTime>2026-01-27 01:30:46 UTC</createdTime>
<ownerDesignName>HiLogic_Solutions</ownerDesignName>
<engineerTo>
<item key="9FB55C2E-E831-9B62-67A9-FE47880DCE8A" value="true"/>
</engineerTo>
<useDomainConstraints>false</useDomainConstraints>
<use>1</use>
<logicalDatatype>LOGDT019</logicalDatatype>
<ownDataTypeParameters>,,</ownDataTypeParameters>
</Attribute>
<Attribute name="fecha_contrato" id="491D8CFA-9695-5DD4-8875-057A052513EF">
<createdBy>fonat</createdBy>
<createdTime>2026-01-27 01:30:56 UTC</createdTime>
<ownerDesignName>HiLogic_Solutions</ownerDesignName>
<engineerTo>
<item key="9FB55C2E-E831-9B62-67A9-FE47880DCE8A" value="true"/>
</engineerTo>
<useDomainConstraints>false</useDomainConstraints>
<use>1</use>
<logicalDatatype>LOGDT007</logicalDatatype>
<ownDataTypeParameters>,,</ownDataTypeParameters>
</Attribute>
<Attribute name="numero_sucursal" id="828E5155-D21F-7DA7-9363-7BFDF88094EF">
<createdBy>fonat</createdBy>
<createdTime>2026-01-27 01:38:25 UTC</createdTime>
<generatorID>CAF45697-2C2D-FDD8-0C0D-5DCE66D8DCE0</generatorID>
<ownerDesignName>HiLogic_Solutions</ownerDesignName>
<engineerTo>
<item key="9FB55C2E-E831-9B62-67A9-FE47880DCE8A" value="true"/>
</engineerTo>
<referedAttribute>CACCBC99-FFC7-BFD4-DADF-9083E4FBBD34</referedAttribute>
<useDomainConstraints>false</useDomainConstraints>
<use>1</use>
<logicalDatatype>LOGDT019</logicalDatatype>
<ownDataTypeParameters>,,</ownDataTypeParameters>
</Attribute>
<Attribute name="rut" id="B8BAB16E-729D-5345-7D11-639D00C30B79">
<createdBy>fonat</createdBy>
<createdTime>2026-01-27 01:39:48 UTC</createdTime>
<generatorID>5B67C29E-2416-CA0E-8BFA-031C4E7351EF</generatorID>
<ownerDesignName>HiLogic_Solutions</ownerDesignName>
<engineerTo>
<item key="9FB55C2E-E831-9B62-67A9-FE47880DCE8A" value="true"/>
</engineerTo>
<referedAttribute>58A28D9E-5E9D-BA1D-AF6F-4249EB2CF6C5</referedAttribute>
<useDomainConstraints>false</useDomainConstraints>
<use>1</use>
<logicalDatatype>LOGDT024</logicalDatatype>
<dataTypeSize>12 CHAR</dataTypeSize>
<ownDataTypeParameters>,,</ownDataTypeParameters>
</Attribute>
</attributes>
<identifiers itemClass="oracle.dbtools.crest.model.design.logical.CandidateKey">
<identifier id="AEC565F7-9A58-71C4-3335-71D3AFAC596C" name="CONTRATO PK">
<createdBy>fonat</createdBy>
<createdTime>2026-01-27 01:30:54 UTC</createdTime>
<ownerDesignName>HiLogic_Solutions</ownerDesignName>
<engineerTo>
<item key="9FB55C2E-E831-9B62-67A9-FE47880DCE8A" value="true"/>
</engineerTo>
<pk>true</pk>
<usedAttributes>
<attributeRef>3F3D1612-0066-F175-7250-FCDBD1BAC87C</attributeRef>
</usedAttributes>
</identifier>
</identifiers>
</Entity>
