<?xml version = '1.0' encoding = 'UTF-8'?>
<FKArc class="oracle.dbtools.crest.model.design.relational.FKArc" directorySegmentName="seg_0" id="B31B0A83-F14B-6453-E321-46767B9001FC" name="FKArc_1">
<createdBy>fonat</createdBy>
<createdTime>2026-02-10 02:55:20 UTC</createdTime>
<ownerDesignName>Retail_Solari_SA</ownerDesignName>
<mandatory>false</mandatory>
<reverseArc>true</reverseArc>
<table>D8AC7CC5-34D9-DB90-24BF-DB6E928B9412</table>
<discriminatorColumn>BC003349-8FC4-E12C-1A25-FC7AAF01B78D</discriminatorColumn>
<fkeys>
<fkeyID>8401145F-D9CF-72A9-8B15-1A5B39BEF59D</fkeyID>
<fkeyID>14ECE90E-62DC-FE16-D5C1-F3AA621A39CF</fkeyID>
</fkeys>
</FKArc>