<?xml version = '1.0' encoding = 'UTF-8'?>
<Diagram class="oracle.dbtools.crest.swingui.logical.DPVLogical" name="Logical" id="5C1B2939-AA0D-51D0-B670-7C3B066636EA">
<createdBy>fonat</createdBy>
<modifiedBy>fonat</modifiedBy>
<createdTime>2026-02-10 02:00:37 UTC</createdTime>
<autoRoute>false</autoRoute>
<boxInbox>true</boxInbox>
<showLegend>false</showLegend>
<showLabels>false</showLabels>
<showRelAttributes>false</showRelAttributes>
<gridEnabled>false</gridEnabled>
<showGrid>false</showGrid>
<diagramColor>-1</diagramColor>
<display>false</display>
<notation>1</notation>
<objectViews>
<OView class="oracle.dbtools.crest.swingui.logical.TVEntity" oid="1484820B-53E9-DFFA-1A4B-C2BA2803E0D2" otype="Entity" vid="57D70C0F-6911-D16D-2804-C01D03269EE1">
<hideElementsInCurrentOnly>false</hideElementsInCurrentOnly>
<bounds x="65" y="66" width="170" height="110"/>
</OView>
<OView class="oracle.dbtools.crest.swingui.logical.TVEntity" oid="2A9CA9ED-6F9F-96D5-0027-F1659DCAEE3B" otype="Entity" vid="9C2FF3D6-569E-836C-8CFF-8B529C73ED7E">
<hideElementsInCurrentOnly>false</hideElementsInCurrentOnly>
<bounds x="351" y="351" width="170" height="110"/>
</OView>
<OView class="oracle.dbtools.crest.swingui.logical.TVEntity" oid="4E20944A-BFA2-89F8-BDD1-67AC0D862019" otype="Entity" vid="D6EFD69A-3723-05C7-4C92-FC30C7BAFB75">
<hideElementsInCurrentOnly>false</hideElementsInCurrentOnly>
<bounds x="69" y="644" width="181" height="110"/>
</OView>
<OView class="oracle.dbtools.crest.swingui.logical.TVEntity" oid="580A03C6-E925-C723-8889-88A1CA1B9474" otype="Entity" vid="92CA693A-3539-9A2E-81D0-2A56A84AD8A8">
<hideElementsInCurrentOnly>false</hideElementsInCurrentOnly>
<bounds x="343" y="216" width="170" height="110"/>
</OView>
<OView class="oracle.dbtools.crest.swingui.logical.TVEntity" oid="83FEEB68-CFF3-E076-F086-DCED40F40D13" otype="Entity" vid="A3662BE1-34DE-FF3B-D38A-E85131368EDD">
<hideElementsInCurrentOnly>false</hideElementsInCurrentOnly>
<bounds x="560" y="216" width="170" height="110"/>
</OView>
<OView class="oracle.dbtools.crest.swingui.logical.TVEntity" oid="85B27082-498F-0CDD-B8EF-1E45EF3C08B4" otype="Entity" vid="66912690-91C2-F613-F560-D08A12C43611">
<hideElementsInCurrentOnly>false</hideElementsInCurrentOnly>
<bounds x="74" y="358" width="170" height="110"/>
</OView>
<OView class="oracle.dbtools.crest.swingui.logical.TVEntity" oid="BC1C3C48-9F59-F3D0-9290-CBF36DA23E07" otype="Entity" vid="72AC11B3-D6E1-2D96-7465-1F34487B156B">
<hideElementsInCurrentOnly>false</hideElementsInCurrentOnly>
<bounds x="352" y="632" width="170" height="110"/>
</OView>
<OView class="oracle.dbtools.crest.swingui.logical.TVEntity" oid="C1F7F4B0-A584-C571-F58B-30147AA790EF" otype="Entity" vid="29B66350-1A49-7FEF-FF3D-F77ACDAD34B6">
<hideElementsInCurrentOnly>false</hideElementsInCurrentOnly>
<bounds x="560" y="62" width="170" height="110"/>
</OView>
<OView class="oracle.dbtools.crest.swingui.logical.TVEntity" oid="C641F91B-C5AA-D7E2-9E6C-BEC4B4AD3D4D" otype="Entity" vid="35B28335-C17C-7FD5-4BA6-E8B2B7ED0D63">
<hideElementsInCurrentOnly>false</hideElementsInCurrentOnly>
<bounds x="65" y="214" width="170" height="110"/>
</OView>
<OView class="oracle.dbtools.crest.swingui.logical.TVEntity" oid="CC43A198-C6B8-7251-2F34-1D2C8AA95BC2" otype="Entity" vid="27D9383F-5131-4DBB-32E1-65F08481E123">
<hideElementsInCurrentOnly>false</hideElementsInCurrentOnly>
<bounds x="142" y="385" width="92" height="73"/>
</OView>
<OView class="oracle.dbtools.crest.swingui.logical.TVEntity" oid="D7E5567C-D333-A109-A366-E6105E8BC97A" otype="Entity" vid="4008C73C-4268-60AF-4D2E-8547841080DB">
<hideElementsInCurrentOnly>false</hideElementsInCurrentOnly>
<bounds x="137" y="385" width="97" height="73"/>
</OView>
<OView class="oracle.dbtools.crest.swingui.logical.TVEntity" oid="EE5A4D02-CB67-F6AF-6DAF-FD4BED018508" otype="Entity" vid="18E8127D-462C-55F0-2065-3D8D79E5CE44">
<hideElementsInCurrentOnly>false</hideElementsInCurrentOnly>
<bounds x="567" y="353" width="163" height="132"/>
</OView>
<OView class="oracle.dbtools.crest.swingui.logical.TVEntity" oid="EE67C3FF-9EB7-D89E-7246-645944EEDDCD" otype="Entity" vid="F0E6F7C9-A259-9727-C14B-A282CB60B8B5">
<hideElementsInCurrentOnly>false</hideElementsInCurrentOnly>
<bounds x="325" y="60" width="170" height="110"/>
</OView>
</objectViews>
<connectors>
<Connector class="oracle.dbtools.crest.swingui.logical.TVRelation" oid="0126FEE6-AAED-A143-91D5-907A70D7CFE3" otype="Relation" vid_source="92CA693A-3539-9A2E-81D0-2A56A84AD8A8" vid_target="18E8127D-462C-55F0-2065-3D8D79E5CE44">
<hideElementsInCurrentOnly>false</hideElementsInCurrentOnly>
<backgroundColor>-16777216</backgroundColor>
<lineWidth>1</lineWidth>
<points>
<point x="509" y="326"/>
<point x="567" y="364"/>
</points>
</Connector>
<Connector class="oracle.dbtools.crest.swingui.logical.TVRelation" oid="0F410463-2375-A45E-B825-0767CDA1513E" otype="Relation" vid_source="F0E6F7C9-A259-9727-C14B-A282CB60B8B5" vid_target="92CA693A-3539-9A2E-81D0-2A56A84AD8A8">
<hideElementsInCurrentOnly>false</hideElementsInCurrentOnly>
<backgroundColor>-16777216</backgroundColor>
<lineWidth>1</lineWidth>
<points>
<point x="419" y="170"/>
<point x="419" y="216"/>
</points>
</Connector>
<Connector class="oracle.dbtools.crest.swingui.logical.TVRelation" oid="11B20147-563A-EE82-EDE0-423D32DD799A" otype="Relation" vid_source="F0E6F7C9-A259-9727-C14B-A282CB60B8B5" vid_target="72AC11B3-D6E1-2D96-7465-1F34487B156B">
<hideElementsInCurrentOnly>false</hideElementsInCurrentOnly>
<backgroundColor>-16777216</backgroundColor>
<lineWidth>1</lineWidth>
<points>
<point x="438" y="170"/>
<point x="438" y="632"/>
</points>
</Connector>
<Connector class="oracle.dbtools.crest.swingui.logical.TVRelation" oid="4C568C19-18DB-44C5-196F-F3C64FE5A55A" otype="Relation" vid_source="18E8127D-462C-55F0-2065-3D8D79E5CE44" vid_target="29B66350-1A49-7FEF-FF3D-F77ACDAD34B6">
<hideElementsInCurrentOnly>false</hideElementsInCurrentOnly>
<backgroundColor>-16777216</backgroundColor>
<lineWidth>1</lineWidth>
<points>
<point x="663" y="353"/>
<point x="663" y="172"/>
</points>
</Connector>
<Connector class="oracle.dbtools.crest.swingui.logical.TVRelation" oid="6379A6F2-BE80-9165-6EAD-70E576B28F38" otype="Relation" vid_source="57D70C0F-6911-D16D-2804-C01D03269EE1" vid_target="18E8127D-462C-55F0-2065-3D8D79E5CE44">
<hideElementsInCurrentOnly>false</hideElementsInCurrentOnly>
<backgroundColor>-16777216</backgroundColor>
<lineWidth>1</lineWidth>
<points>
<point x="235" y="171"/>
<point x="567" y="385"/>
</points>
</Connector>
<Connector class="oracle.dbtools.crest.swingui.logical.TVInheritanceRelation" oid="75AC97D7-E897-4400-6281-B120522363BA" otype="Hierarchy relation" vid_source="66912690-91C2-F613-F560-D08A12C43611" vid_target="4008C73C-4268-60AF-4D2E-8547841080DB">
<hideElementsInCurrentOnly>false</hideElementsInCurrentOnly>
<backgroundColor>-65536</backgroundColor>
<lineWidth>1</lineWidth>
</Connector>
<Connector class="oracle.dbtools.crest.swingui.logical.TVRelation" oid="78036815-F150-A40A-0473-7968A8093DF2" otype="Relation" vid_source="66912690-91C2-F613-F560-D08A12C43611" vid_target="18E8127D-462C-55F0-2065-3D8D79E5CE44">
<hideElementsInCurrentOnly>false</hideElementsInCurrentOnly>
<backgroundColor>-16777216</backgroundColor>
<lineWidth>1</lineWidth>
<points>
<point x="244" y="428"/>
<point x="567" y="428"/>
</points>
</Connector>
<Connector class="oracle.dbtools.crest.swingui.logical.TVRelation" oid="8B8D3EEF-6686-6698-FD2C-2B7F716952A6" otype="Relation" vid_source="92CA693A-3539-9A2E-81D0-2A56A84AD8A8" vid_target="A3662BE1-34DE-FF3B-D38A-E85131368EDD">
<hideElementsInCurrentOnly>false</hideElementsInCurrentOnly>
<backgroundColor>-16777216</backgroundColor>
<lineWidth>1</lineWidth>
<points>
<point x="513" y="271"/>
<point x="560" y="271"/>
</points>
</Connector>
<Connector class="oracle.dbtools.crest.swingui.logical.TVRelation" oid="8FC085E4-B601-63BD-BD9A-B371A54B8568" otype="Relation" vid_source="A3662BE1-34DE-FF3B-D38A-E85131368EDD" vid_target="29B66350-1A49-7FEF-FF3D-F77ACDAD34B6">
<hideElementsInCurrentOnly>false</hideElementsInCurrentOnly>
<backgroundColor>-16777216</backgroundColor>
<lineWidth>1</lineWidth>
<points>
<point x="645" y="216"/>
<point x="645" y="172"/>
</points>
</Connector>
<Connector class="oracle.dbtools.crest.swingui.logical.TVInheritanceRelation" oid="9FB1BCBB-E87F-5E6B-6CBB-69DC2D8F4FBA" otype="Hierarchy relation" vid_source="66912690-91C2-F613-F560-D08A12C43611" vid_target="27D9383F-5131-4DBB-32E1-65F08481E123">
<hideElementsInCurrentOnly>false</hideElementsInCurrentOnly>
<backgroundColor>-65536</backgroundColor>
<lineWidth>1</lineWidth>
</Connector>
<Connector class="oracle.dbtools.crest.swingui.logical.TVRelation" oid="DA8EB823-3BD1-39E8-49B5-55578AD3E95B" otype="Relation" vid_source="35B28335-C17C-7FD5-4BA6-E8B2B7ED0D63" vid_target="9C2FF3D6-569E-836C-8CFF-8B529C73ED7E">
<hideElementsInCurrentOnly>false</hideElementsInCurrentOnly>
<backgroundColor>-16777216</backgroundColor>
<lineWidth>1</lineWidth>
<points>
<point x="235" y="309"/>
<point x="351" y="365"/>
</points>
</Connector>
<Connector class="oracle.dbtools.crest.swingui.logical.TVRelation" oid="ED07B549-99A8-34C4-AC3F-ACF8B2F08CDC" otype="Relation" vid_source="72AC11B3-D6E1-2D96-7465-1F34487B156B" vid_target="A3662BE1-34DE-FF3B-D38A-E85131368EDD">
<hideElementsInCurrentOnly>false</hideElementsInCurrentOnly>
<backgroundColor>-16777216</backgroundColor>
<lineWidth>1</lineWidth>
<points>
<point x="464" y="632"/>
<point x="617" y="326"/>
</points>
</Connector>
<Connector class="oracle.dbtools.crest.swingui.logical.TVRelation" oid="F4DA62D3-0947-7358-A95A-805D43695F7F" otype="Relation" vid_source="D6EFD69A-3723-05C7-4C92-FC30C7BAFB75" vid_target="F0E6F7C9-A259-9727-C14B-A282CB60B8B5">
<hideElementsInCurrentOnly>false</hideElementsInCurrentOnly>
<backgroundColor>-16777216</backgroundColor>
<lineWidth>1</lineWidth>
<points>
<point x="183" y="644"/>
<point x="386" y="170"/>
</points>
</Connector>
</connectors>
</Diagram>