<?xml version = '1.0' encoding = 'UTF-8'?>
<Relation class="oracle.dbtools.crest.model.design.logical.Relation" name="Relation_5" directorySegmentName="seg_0" id="0126FEE6-AAED-A143-91D5-907A70D7CFE3">
<createdBy>fonat</createdBy>
<createdTime>2026-02-10 02:27:11 UTC</createdTime>
<ownerDesignName>Retail_Solari_SA</ownerDesignName>
<engineerTo>
<item key="4F8CB409-C3DC-ECBE-25EB-22BAFC89332D" value="true"/>
</engineerTo>
<sourcePk>BC3C230A-7FC3-264B-9374-BD2A3A49D8A5</sourcePk>
<identifying>true</identifying>
<optionalSource>false</optionalSource>
<optionalTarget>false</optionalTarget>
<sourceCardinality>1</sourceCardinality>
<sourceEntity>580A03C6-E925-C723-8889-88A1CA1B9474</sourceEntity>
<targetCardinalityString>*</targetCardinalityString>
<targetEntity>EE5A4D02-CB67-F6AF-6DAF-FD4BED018508</targetEntity>
<transferable>true</transferable>
<deleteRule>NO ACTION</deleteRule>
</Relation>