<?xml version = '1.0' encoding = 'UTF-8'?>
<Relation class="oracle.dbtools.crest.model.design.logical.Relation" name="Relation_2" directorySegmentName="seg_0" id="0F410463-2375-A45E-B825-0767CDA1513E">
<createdBy>fonat</createdBy>
<createdTime>2026-02-10 02:21:54 UTC</createdTime>
<ownerDesignName>Retail_Solari_SA</ownerDesignName>
<engineerTo>
<item key="4F8CB409-C3DC-ECBE-25EB-22BAFC89332D" value="true"/>
</engineerTo>
<sourcePk>CDE59A93-6865-5BCB-20B5-FA3EAD0CD473</sourcePk>
<identifying>false</identifying>
<optionalSource>false</optionalSource>
<optionalTarget>false</optionalTarget>
<sourceCardinality>1</sourceCardinality>
<sourceEntity>EE67C3FF-9EB7-D89E-7246-645944EEDDCD</sourceEntity>
<targetCardinalityString>*</targetCardinalityString>
<targetEntity>580A03C6-E925-C723-8889-88A1CA1B9474</targetEntity>
<transferable>true</transferable>
<deleteRule>NO ACTION</deleteRule>
</Relation>