<?xml version = '1.0' encoding = 'UTF-8'?>
<Relation class="oracle.dbtools.crest.model.design.logical.Relation" name="Relation_3" directorySegmentName="seg_0" id="11B20147-563A-EE82-EDE0-423D32DD799A">
<createdBy>fonat</createdBy>
<createdTime>2026-02-10 02:22:19 UTC</createdTime>
<ownerDesignName>Retail_Solari_SA</ownerDesignName>
<engineerTo>
<item key="4F8CB409-C3DC-ECBE-25EB-22BAFC89332D" value="true"/>
</engineerTo>
<sourcePk>CDE59A93-6865-5BCB-20B5-FA3EAD0CD473</sourcePk>
<identifying>false</identifying>
<optionalSource>false</optionalSource>
<optionalTarget>false</optionalTarget>
<sourceCardinality>1</sourceCardinality>
<sourceEntity>EE67C3FF-9EB7-D89E-7246-645944EEDDCD</sourceEntity>
<targetCardinalityString>*</targetCardinalityString>
<targetEntity>BC1C3C48-9F59-F3D0-9290-CBF36DA23E07</targetEntity>
<transferable>true</transferable>
<deleteRule>NO ACTION</deleteRule>
</Relation>