<?xml version = '1.0' encoding = 'UTF-8'?>
<Relation class="oracle.dbtools.crest.model.design.logical.Relation" name="Relation_10" directorySegmentName="seg_0" id="4C568C19-18DB-44C5-196F-F3C64FE5A55A">
<createdBy>fonat</createdBy>
<createdTime>2026-02-10 02:29:05 UTC</createdTime>
<ownerDesignName>Retail_Solari_SA</ownerDesignName>
<engineerTo>
<item key="4F8CB409-C3DC-ECBE-25EB-22BAFC89332D" value="true"/>
</engineerTo>
<sourcePk>DF4885E4-4F1E-C98A-4E4D-3DA2876A215D</sourcePk>
<identifying>false</identifying>
<optionalSource>false</optionalSource>
<optionalTarget>false</optionalTarget>
<sourceCardinality>1</sourceCardinality>
<sourceEntity>EE5A4D02-CB67-F6AF-6DAF-FD4BED018508</sourceEntity>
<targetCardinalityString>*</targetCardinalityString>
<targetEntity>C1F7F4B0-A584-C571-F58B-30147AA790EF</targetEntity>
<transferable>true</transferable>
<deleteRule>NO ACTION</deleteRule>
</Relation>