<?xml version = '1.0' encoding = 'UTF-8'?>
<Relation class="oracle.dbtools.crest.model.design.logical.Relation" name="Relation_6" directorySegmentName="seg_0" id="6379A6F2-BE80-9165-6EAD-70E576B28F38">
<createdBy>fonat</createdBy>
<createdTime>2026-02-10 02:27:30 UTC</createdTime>
<ownerDesignName>Retail_Solari_SA</ownerDesignName>
<engineerTo>
<item key="4F8CB409-C3DC-ECBE-25EB-22BAFC89332D" value="true"/>
</engineerTo>
<sourcePk>F9A2941C-E3D2-6BF0-2D7E-5499DCB9A1C0</sourcePk>
<identifying>false</identifying>
<optionalSource>false</optionalSource>
<optionalTarget>false</optionalTarget>
<sourceCardinality>1</sourceCardinality>
<sourceEntity>1484820B-53E9-DFFA-1A4B-C2BA2803E0D2</sourceEntity>
<targetCardinalityString>*</targetCardinalityString>
<targetEntity>EE5A4D02-CB67-F6AF-6DAF-FD4BED018508</targetEntity>
<transferable>true</transferable>
<deleteRule>NO ACTION</deleteRule>
</Relation>