<?xml version = '1.0' encoding = 'UTF-8'?>
<Relation class="oracle.dbtools.crest.model.design.logical.Relation" name="Relation_12" directorySegmentName="seg_0" id="78036815-F150-A40A-0473-7968A8093DF2">
<createdBy>fonat</createdBy>
<createdTime>2026-02-10 02:31:53 UTC</createdTime>
<ownerDesignName>Retail_Solari_SA</ownerDesignName>
<engineerTo>
<item key="4F8CB409-C3DC-ECBE-25EB-22BAFC89332D" value="true"/>
</engineerTo>
<identifying>false</identifying>
<optionalSource>false</optionalSource>
<optionalTarget>false</optionalTarget>
<sourceCardinality>*</sourceCardinality>
<sourceEntity>85B27082-498F-0CDD-B8EF-1E45EF3C08B4</sourceEntity>
<targetCardinalityString>*</targetCardinalityString>
<targetEntity>EE5A4D02-CB67-F6AF-6DAF-FD4BED018508</targetEntity>
<transferable>true</transferable>
<deleteRule>NO ACTION</deleteRule>
</Relation>