<?xml version = '1.0' encoding = 'UTF-8'?>
<Relation class="oracle.dbtools.crest.model.design.logical.Relation" name="Relation_8" directorySegmentName="seg_0" id="8B8D3EEF-6686-6698-FD2C-2B7F716952A6">
<createdBy>fonat</createdBy>
<createdTime>2026-02-10 02:28:27 UTC</createdTime>
<ownerDesignName>Retail_Solari_SA</ownerDesignName>
<engineerTo>
<item key="4F8CB409-C3DC-ECBE-25EB-22BAFC89332D" value="true"/>
</engineerTo>
<sourcePk>BC3C230A-7FC3-264B-9374-BD2A3A49D8A5</sourcePk>
<identifying>false</identifying>
<optionalSource>false</optionalSource>
<optionalTarget>false</optionalTarget>
<sourceCardinality>1</sourceCardinality>
<sourceEntity>580A03C6-E925-C723-8889-88A1CA1B9474</sourceEntity>
<targetCardinalityString>*</targetCardinalityString>
<targetEntity>83FEEB68-CFF3-E076-F086-DCED40F40D13</targetEntity>
<transferable>true</transferable>
<deleteRule>NO ACTION</deleteRule>
</Relation>