<?xml version = '1.0' encoding = 'UTF-8'?>
<Relation class="oracle.dbtools.crest.model.design.logical.Relation" name="Relation_9" directorySegmentName="seg_0" id="8FC085E4-B601-63BD-BD9A-B371A54B8568">
<createdBy>fonat</createdBy>
<createdTime>2026-02-10 02:28:48 UTC</createdTime>
<ownerDesignName>Retail_Solari_SA</ownerDesignName>
<engineerTo>
<item key="4F8CB409-C3DC-ECBE-25EB-22BAFC89332D" value="true"/>
</engineerTo>
<sourcePk>99B328D0-A3EF-87CC-C8E9-445CC5819293</sourcePk>
<identifying>true</identifying>
<optionalSource>false</optionalSource>
<optionalTarget>false</optionalTarget>
<sourceCardinality>1</sourceCardinality>
<sourceEntity>83FEEB68-CFF3-E076-F086-DCED40F40D13</sourceEntity>
<targetCardinalityString>*</targetCardinalityString>
<targetEntity>C1F7F4B0-A584-C571-F58B-30147AA790EF</targetEntity>
<transferable>true</transferable>
<deleteRule>NO ACTION</deleteRule>
</Relation>