<?xml version = '1.0' encoding = 'UTF-8'?>
<Relation class="oracle.dbtools.crest.model.design.logical.Relation" name="Relation_4" directorySegmentName="seg_0" id="DA8EB823-3BD1-39E8-49B5-55578AD3E95B">
<createdBy>fonat</createdBy>
<createdTime>2026-02-10 02:22:32 UTC</createdTime>
<ownerDesignName>Retail_Solari_SA</ownerDesignName>
<engineerTo>
<item key="4F8CB409-C3DC-ECBE-25EB-22BAFC89332D" value="true"/>
</engineerTo>
<sourcePk>067F444C-9C99-F8D1-2A22-9CA03467FAB2</sourcePk>
<identifying>true</identifying>
<optionalSource>true</optionalSource>
<optionalTarget>false</optionalTarget>
<sourceCardinality>1</sourceCardinality>
<sourceEntity>C641F91B-C5AA-D7E2-9E6C-BEC4B4AD3D4D</sourceEntity>
<targetCardinalityString>*</targetCardinalityString>
<targetEntity>2A9CA9ED-6F9F-96D5-0027-F1659DCAEE3B</targetEntity>
<transferable>true</transferable>
<deleteRule>NO ACTION</deleteRule>
</Relation>