<?xml version = '1.0' encoding = 'UTF-8'?>
<Relation class="oracle.dbtools.crest.model.design.logical.Relation" name="Relation_7" directorySegmentName="seg_0" id="ED07B549-99A8-34C4-AC3F-ACF8B2F08CDC">
<createdBy>fonat</createdBy>
<createdTime>2026-02-10 02:27:52 UTC</createdTime>
<ownerDesignName>Retail_Solari_SA</ownerDesignName>
<engineerTo>
<item key="4F8CB409-C3DC-ECBE-25EB-22BAFC89332D" value="true"/>
</engineerTo>
<sourcePk>F9115AA5-7674-EA0D-D1F4-CFAC0E2FEDB6</sourcePk>
<identifying>false</identifying>
<optionalSource>false</optionalSource>
<optionalTarget>false</optionalTarget>
<sourceCardinality>1</sourceCardinality>
<sourceEntity>BC1C3C48-9F59-F3D0-9290-CBF36DA23E07</sourceEntity>
<targetCardinalityString>*</targetCardinalityString>
<targetEntity>83FEEB68-CFF3-E076-F086-DCED40F40D13</targetEntity>
<transferable>true</transferable>
<deleteRule>NO ACTION</deleteRule>
</Relation>