<?xml version = '1.0' encoding = 'UTF-8'?>
<Relation class="oracle.dbtools.crest.model.design.logical.Relation" name="Relation_1" directorySegmentName="seg_0" id="F4DA62D3-0947-7358-A95A-805D43695F7F">
<createdBy>fonat</createdBy>
<createdTime>2026-02-10 02:20:40 UTC</createdTime>
<ownerDesignName>Retail_Solari_SA</ownerDesignName>
<engineerTo>
<item key="4F8CB409-C3DC-ECBE-25EB-22BAFC89332D" value="true"/>
</engineerTo>
<sourcePk>CD56B894-8E3A-9FDD-73A5-CFD9C6D230C9</sourcePk>
<identifying>false</identifying>
<optionalSource>false</optionalSource>
<optionalTarget>false</optionalTarget>
<sourceCardinality>1</sourceCardinality>
<sourceEntity>4E20944A-BFA2-89F8-BDD1-67AC0D862019</sourceEntity>
<targetCardinalityString>*</targetCardinalityString>
<targetEntity>EE67C3FF-9EB7-D89E-7246-645944EEDDCD</targetEntity>
<transferable>true</transferable>
<deleteRule>NO ACTION</deleteRule>
</Relation>