<?xml version = '1.0' encoding = 'UTF-8'?>
<Diagram class="oracle.dbtools.crest.swingui.relational.DPVRelational" name="Relational_1" id="86BC4E1E-3C99-70DE-5C43-2D7C71F395D0">
<createdBy>fonat</createdBy>
<modifiedBy>fonat</modifiedBy>
<createdTime>2026-02-10 02:55:20 UTC</createdTime>
<autoRoute>false</autoRoute>
<boxInbox>true</boxInbox>
<showLegend>false</showLegend>
<showLabels>false</showLabels>
<showRelAttributes>false</showRelAttributes>
<gridEnabled>false</gridEnabled>
<showGrid>false</showGrid>
<diagramColor>-1</diagramColor>
<display>false</display>
<notation>1</notation>
<objectViews>
<OView class="oracle.dbtools.crest.swingui.relational.TVTable" oid="0FC5838F-0267-AC45-CB10-CE0713FC3BDF" otype="Table" vid="CAB2719F-4713-3464-FF5E-E9880FB7C402">
<hideElementsInCurrentOnly>false</hideElementsInCurrentOnly>
<bounds x="65" y="214" width="170" height="110"/>
</OView>
<OView class="oracle.dbtools.crest.swingui.relational.TVTable" oid="22E8CF16-EA8D-4515-465E-8A956B6B3535" otype="Table" vid="6F259D20-6C0E-64F9-A939-D11DE018EBD7">
<hideElementsInCurrentOnly>false</hideElementsInCurrentOnly>
<bounds x="605" y="562" width="170" height="110"/>
</OView>
<OView class="oracle.dbtools.crest.swingui.relational.TVTable" oid="48067489-201B-314B-03DF-054E662E9426" otype="Table" vid="8C0AC53E-8BB3-A4FA-2321-EAA3E11F8592">
<hideElementsInCurrentOnly>false</hideElementsInCurrentOnly>
<bounds x="325" y="60" width="170" height="110"/>
</OView>
<OView class="oracle.dbtools.crest.swingui.relational.TVTable" oid="545AFF4C-0F03-0647-B1AE-09FF139A8965" otype="Table" vid="31F4630A-D999-0BD9-BE2E-74DFA26B9F9E">
<hideElementsInCurrentOnly>false</hideElementsInCurrentOnly>
<bounds x="137" y="385" width="97" height="73"/>
</OView>
<OView class="oracle.dbtools.crest.swingui.relational.TVTable" oid="61ADA819-E7AC-53C3-931F-3603E98C7026" otype="Table" vid="721808A5-36A8-757F-4D20-3711A0EA6F20">
<hideElementsInCurrentOnly>false</hideElementsInCurrentOnly>
<bounds x="352" y="632" width="170" height="110"/>
</OView>
<OView class="oracle.dbtools.crest.swingui.relational.TVTable" oid="61EF3016-1493-9034-B00D-14B2A5635C41" otype="Table" vid="4CC5608D-77BE-B23E-7BB2-7865CDB47DC4">
<hideElementsInCurrentOnly>false</hideElementsInCurrentOnly>
<bounds x="560" y="62" width="170" height="110"/>
</OView>
<OView class="oracle.dbtools.crest.swingui.relational.TVTable" oid="9642FCDB-FC40-95F7-54B7-68DE43158A5E" otype="Table" vid="1C3CFA47-7C67-3216-AE9E-EC6C9C25C832">
<hideElementsInCurrentOnly>false</hideElementsInCurrentOnly>
<bounds x="142" y="385" width="92" height="73"/>
</OView>
<OView class="oracle.dbtools.crest.swingui.relational.TVTable" oid="96C94BA0-93AE-878F-7BD9-3FA7BEDD4FAD" otype="Table" vid="61F2904C-2F0D-CDD4-B183-8F7A454A067B">
<hideElementsInCurrentOnly>false</hideElementsInCurrentOnly>
<bounds x="65" y="66" width="170" height="110"/>
</OView>
<OView class="oracle.dbtools.crest.swingui.relational.TVTable" oid="9FAF53E8-869F-3C81-42B2-9EF6069B223A" otype="Table" vid="9F85FFD0-8F72-457E-B74D-BE814216B7F2">
<hideElementsInCurrentOnly>false</hideElementsInCurrentOnly>
<bounds x="560" y="216" width="170" height="110"/>
</OView>
<OView class="oracle.dbtools.crest.swingui.relational.TVTable" oid="B69110D1-BD0C-5BB7-D482-B9B180F66787" otype="Table" vid="9A83B481-59B9-6325-FE11-F7D21806B527">
<hideElementsInCurrentOnly>false</hideElementsInCurrentOnly>
<bounds x="567" y="353" width="163" height="132"/>
</OView>
<OView class="oracle.dbtools.crest.swingui.relational.TVTable" oid="D8AC7CC5-34D9-DB90-24BF-DB6E928B9412" otype="Table" vid="B1D9FD99-A214-866D-C8CA-DCB749F312C5">
<hideElementsInCurrentOnly>false</hideElementsInCurrentOnly>
<bounds x="74" y="358" width="170" height="110"/>
</OView>
<OView class="oracle.dbtools.crest.swingui.relational.TVTable" oid="E275E4FE-F9FE-A2BF-3986-F0A85D96447E" otype="Table" vid="5B865B78-44B4-E06F-BD7E-56260C150D0F">
<hideElementsInCurrentOnly>false</hideElementsInCurrentOnly>
<bounds x="351" y="351" width="170" height="110"/>
</OView>
<OView class="oracle.dbtools.crest.swingui.relational.TVTable" oid="EE7F6145-99D5-0730-6F00-6959F46FF9EA" otype="Table" vid="5E147252-9350-7875-8BB4-A0519DA5B436">
<hideElementsInCurrentOnly>false</hideElementsInCurrentOnly>
<bounds x="343" y="216" width="170" height="110"/>
</OView>
<OView class="oracle.dbtools.crest.swingui.relational.TVTable" oid="F63375E8-34D1-5CD7-588B-66D527E231B9" otype="Table" vid="632A8914-144E-DB8E-9247-3D75745F2399">
<hideElementsInCurrentOnly>false</hideElementsInCurrentOnly>
<bounds x="69" y="644" width="181" height="110"/>
</OView>
</objectViews>
<connectors>
<Connector class="oracle.dbtools.crest.swingui.relational.TVFKRelation" oid="14ECE90E-62DC-FE16-D5C1-F3AA621A39CF" otype="FKIndexAssociation" vid_source="B1D9FD99-A214-866D-C8CA-DCB749F312C5" vid_target="31F4630A-D999-0BD9-BE2E-74DFA26B9F9E">
<hideElementsInCurrentOnly>false</hideElementsInCurrentOnly>
<backgroundColor>-16777216</backgroundColor>
<lineWidth>1</lineWidth>
<points>
<point x="244" y="436"/>
<point x="137" y="436"/>
</points>
</Connector>
<Connector class="oracle.dbtools.crest.swingui.relational.TVFKRelation" oid="238764DC-930D-32D2-DFC5-D7718CD66207" otype="FKIndexAssociation" vid_source="CAB2719F-4713-3464-FF5E-E9880FB7C402" vid_target="5B865B78-44B4-E06F-BD7E-56260C150D0F">
<hideElementsInCurrentOnly>false</hideElementsInCurrentOnly>
<backgroundColor>-16777216</backgroundColor>
<lineWidth>1</lineWidth>
<points>
<point x="235" y="309"/>
<point x="351" y="365"/>
</points>
</Connector>
<Connector class="oracle.dbtools.crest.swingui.relational.TVFKRelation" oid="33060D00-0552-2BF6-30B4-D54AD8A8B20A" otype="FKIndexAssociation" vid_source="61F2904C-2F0D-CDD4-B183-8F7A454A067B" vid_target="9A83B481-59B9-6325-FE11-F7D21806B527">
<hideElementsInCurrentOnly>false</hideElementsInCurrentOnly>
<backgroundColor>-16777216</backgroundColor>
<lineWidth>1</lineWidth>
<points>
<point x="235" y="171"/>
<point x="567" y="385"/>
</points>
</Connector>
<Connector class="oracle.dbtools.crest.swingui.relational.TVFKRelation" oid="3F6719E0-3029-9CC3-BCD3-FE003F9DABC6" otype="FKIndexAssociation" vid_source="8C0AC53E-8BB3-A4FA-2321-EAA3E11F8592" vid_target="721808A5-36A8-757F-4D20-3711A0EA6F20">
<hideElementsInCurrentOnly>false</hideElementsInCurrentOnly>
<backgroundColor>-16777216</backgroundColor>
<lineWidth>1</lineWidth>
<points>
<point x="438" y="170"/>
<point x="438" y="632"/>
</points>
</Connector>
<Connector class="oracle.dbtools.crest.swingui.relational.TVFKRelation" oid="59AA525D-B855-366C-85EF-5854A9945551" otype="FKIndexAssociation" vid_source="B1D9FD99-A214-866D-C8CA-DCB749F312C5" vid_target="6F259D20-6C0E-64F9-A939-D11DE018EBD7">
<hideElementsInCurrentOnly>false</hideElementsInCurrentOnly>
<backgroundColor>-16777216</backgroundColor>
<lineWidth>1</lineWidth>
<points>
<point x="244" y="445"/>
<point x="605" y="584"/>
</points>
</Connector>
<Connector class="oracle.dbtools.crest.swingui.relational.TVFKRelation" oid="685A23EB-200F-CD14-9BBF-A7F7BC03E77E" otype="FKIndexAssociation" vid_source="8C0AC53E-8BB3-A4FA-2321-EAA3E11F8592" vid_target="5E147252-9350-7875-8BB4-A0519DA5B436">
<hideElementsInCurrentOnly>false</hideElementsInCurrentOnly>
<backgroundColor>-16777216</backgroundColor>
<lineWidth>1</lineWidth>
<points>
<point x="419" y="170"/>
<point x="419" y="216"/>
</points>
</Connector>
<Connector class="oracle.dbtools.crest.swingui.relational.TVFKRelation" oid="83BACA42-93F3-6DBF-BEDF-3FE70D3717BA" otype="FKIndexAssociation" vid_source="632A8914-144E-DB8E-9247-3D75745F2399" vid_target="8C0AC53E-8BB3-A4FA-2321-EAA3E11F8592">
<hideElementsInCurrentOnly>false</hideElementsInCurrentOnly>
<backgroundColor>-16777216</backgroundColor>
<lineWidth>1</lineWidth>
<points>
<point x="183" y="644"/>
<point x="386" y="170"/>
</points>
</Connector>
<Connector class="oracle.dbtools.crest.swingui.relational.TVFKRelation" oid="83BE4728-31C0-8334-451E-74645BB30BF5" otype="FKIndexAssociation" vid_source="721808A5-36A8-757F-4D20-3711A0EA6F20" vid_target="9F85FFD0-8F72-457E-B74D-BE814216B7F2">
<hideElementsInCurrentOnly>false</hideElementsInCurrentOnly>
<backgroundColor>-16777216</backgroundColor>
<lineWidth>1</lineWidth>
<points>
<point x="464" y="632"/>
<point x="617" y="326"/>
</points>
</Connector>
<Connector class="oracle.dbtools.crest.swingui.relational.TVFKRelation" oid="8401145F-D9CF-72A9-8B15-1A5B39BEF59D" otype="FKIndexAssociation" vid_source="B1D9FD99-A214-866D-C8CA-DCB749F312C5" vid_target="1C3CFA47-7C67-3216-AE9E-EC6C9C25C832">
<hideElementsInCurrentOnly>false</hideElementsInCurrentOnly>
<backgroundColor>-16777216</backgroundColor>
<lineWidth>1</lineWidth>
<points>
<point x="244" y="421"/>
<point x="142" y="421"/>
</points>
</Connector>
<Connector class="oracle.dbtools.crest.swingui.relational.TVFKRelation" oid="AC4B6984-1AD5-5A73-54EC-EC662D8C07C7" otype="FKIndexAssociation" vid_source="5E147252-9350-7875-8BB4-A0519DA5B436" vid_target="9A83B481-59B9-6325-FE11-F7D21806B527">
<hideElementsInCurrentOnly>false</hideElementsInCurrentOnly>
<backgroundColor>-16777216</backgroundColor>
<lineWidth>1</lineWidth>
<points>
<point x="509" y="326"/>
<point x="567" y="364"/>
</points>
</Connector>
<Connector class="oracle.dbtools.crest.swingui.relational.TVFKRelation" oid="B6155453-CB72-E4D3-9F8C-C0DF96298C83" otype="FKIndexAssociation" vid_source="5E147252-9350-7875-8BB4-A0519DA5B436" vid_target="9F85FFD0-8F72-457E-B74D-BE814216B7F2">
<hideElementsInCurrentOnly>false</hideElementsInCurrentOnly>
<backgroundColor>-16777216</backgroundColor>
<lineWidth>1</lineWidth>
<points>
<point x="513" y="271"/>
<point x="560" y="271"/>
</points>
</Connector>
<Connector class="oracle.dbtools.crest.swingui.relational.TVFKRelation" oid="E34ACDA8-05E3-2AEB-FAD0-4BAECC9018D8" otype="FKIndexAssociation" vid_source="9F85FFD0-8F72-457E-B74D-BE814216B7F2" vid_target="4CC5608D-77BE-B23E-7BB2-7865CDB47DC4">
<hideElementsInCurrentOnly>false</hideElementsInCurrentOnly>
<backgroundColor>-16777216</backgroundColor>
<lineWidth>1</lineWidth>
<points>
<point x="645" y="216"/>
<point x="645" y="172"/>
</points>
</Connector>
<Connector class="oracle.dbtools.crest.swingui.relational.TVFKRelation" oid="EFA7F14A-84AC-69EB-2A8F-1115FD4A250F" otype="FKIndexAssociation" vid_source="9A83B481-59B9-6325-FE11-F7D21806B527" vid_target="6F259D20-6C0E-64F9-A939-D11DE018EBD7">
<hideElementsInCurrentOnly>false</hideElementsInCurrentOnly>
<backgroundColor>-16777216</backgroundColor>
<lineWidth>1</lineWidth>
<points>
<point x="667" y="485"/>
<point x="667" y="562"/>
</points>
</Connector>
<Connector class="oracle.dbtools.crest.swingui.relational.TVFKRelation" oid="F5E1C163-BE1E-8EAB-58CD-0CD6C66A36F3" otype="FKIndexAssociation" vid_source="9A83B481-59B9-6325-FE11-F7D21806B527" vid_target="4CC5608D-77BE-B23E-7BB2-7865CDB47DC4">
<hideElementsInCurrentOnly>false</hideElementsInCurrentOnly>
<backgroundColor>-16777216</backgroundColor>
<lineWidth>1</lineWidth>
<points>
<point x="663" y="353"/>
<point x="663" y="172"/>
</points>
</Connector>
</connectors>
<arcs>
<Arc class="oracle.dbtools.crest.swingui.relational.TVFKArc" oid="B31B0A83-F14B-6453-E321-46767B9001FC" otype="FKArc" vid="1E827C78-8632-0C9B-67EC-2A49AB050383">
<hideElementsInCurrentOnly>false</hideElementsInCurrentOnly>
<bounds x="54" y="338" width="210" height="150"/>
</Arc>
</arcs>
</Diagram>