<?xml version = '1.0' encoding = 'UTF-8'?>
<Relation class="oracle.dbtools.crest.model.design.logical.InheritanceRelation" name="Hierarchy_1" directorySegmentName="seg_0" id="9FB1BCBB-E87F-5E6B-6CBB-69DC2D8F4FBA">
<createdBy>fonat</createdBy>
<createdTime>2026-02-10 02:50:28 UTC</createdTime>
<ownerDesignName>Retail_Solari_SA</ownerDesignName>
<engineerTo>
<item key="4F8CB409-C3DC-ECBE-25EB-22BAFC89332D" value="true"/>
</engineerTo>
<identifying>false</identifying>
<nameOnSource>Super Type</nameOnSource>
<nameOnTarget>Sub Type</nameOnTarget>
<optionalSource>true</optionalSource>
<optionalTarget>true</optionalTarget>
<sourceEntity>85B27082-498F-0CDD-B8EF-1E45EF3C08B4</sourceEntity>
<targetEntity>CC43A198-C6B8-7251-2F34-1D2C8AA95BC2</targetEntity>
<transferable>true</transferable>
<deleteRule>NO ACTION</deleteRule>
</Relation>