<?xml version = '1.0' encoding = 'UTF-8'?>
<FKIndexAssociation class="oracle.dbtools.crest.model.design.relational.FKIndexAssociation" directorySegmentName="seg_0" id="14ECE90E-62DC-FE16-D5C1-F3AA621A39CF" containerWithKeyObject="545AFF4C-0F03-0647-B1AE-09FF139A8965" localFKIndex="612E3FB4-83E5-6BD6-C8A1-E7B9F2F250FE" name="PERSONA_NATURAL_PROVEEDOR_FK">
<createdBy>fonat</createdBy>
<createdTime>2026-02-10 02:55:20 UTC</createdTime>
<generatorID>75AC97D7-E897-4400-6281-B120522363BA</generatorID>
<ownerDesignName>Retail_Solari_SA</ownerDesignName>
<referredTableLongName>PROVEEDOR</referredTableLongName>
<arc>B31B0A83-F14B-6453-E321-46767B9001FC</arc>
<deleteRule>NO ACTION</deleteRule>
<referredTableID>D8AC7CC5-34D9-DB90-24BF-DB6E928B9412</referredTableID>
<keyObject>A75BB07D-2F9F-CE94-C123-B18FFE7FE991</keyObject>
<referredKeyID>A75BB07D-2F9F-CE94-C123-B18FFE7FE991</referredKeyID>
<mandatory>true</mandatory>
<refColNames>rut</refColNames>
<transferable>true</transferable>
<rely>false</rely>
<discriminatorValue>PERSONA_NATURAL</discriminatorValue>
<columnDependencyConstraintGenerateInDDL>true</columnDependencyConstraintGenerateInDDL>
</FKIndexAssociation>