<?xml version = '1.0' encoding = 'UTF-8'?>
<FKIndexAssociation class="oracle.dbtools.crest.model.design.relational.FKIndexAssociation" directorySegmentName="seg_0" id="238764DC-930D-32D2-DFC5-D7718CD66207" containerWithKeyObject="E275E4FE-F9FE-A2BF-3986-F0A85D96447E" localFKIndex="44BEE5AF-291C-1645-CD5B-EA47B6F4726A" name="MODELO_MARCA_FK">
<createdBy>fonat</createdBy>
<createdTime>2026-02-10 02:55:20 UTC</createdTime>
<generatorID>DA8EB823-3BD1-39E8-49B5-55578AD3E95B</generatorID>
<ownerDesignName>Retail_Solari_SA</ownerDesignName>
<referredTableLongName>MARCA</referredTableLongName>
<deleteRule>NO ACTION</deleteRule>
<referredTableID>0FC5838F-0267-AC45-CB10-CE0713FC3BDF</referredTableID>
<keyObject>902E1A9E-457C-82AB-1F8C-D44A25A743B8</keyObject>
<referredKeyID>902E1A9E-457C-82AB-1F8C-D44A25A743B8</referredKeyID>
<mandatory>true</mandatory>
<refColNames>id_marca</refColNames>
<transferable>true</transferable>
<rely>false</rely>
<columnDependencyConstraintGenerateInDDL>true</columnDependencyConstraintGenerateInDDL>
</FKIndexAssociation>