<?xml version = '1.0' encoding = 'UTF-8'?>
<FKIndexAssociation class="oracle.dbtools.crest.model.design.relational.FKIndexAssociation" directorySegmentName="seg_0" id="33060D00-0552-2BF6-30B4-D54AD8A8B20A" containerWithKeyObject="B69110D1-BD0C-5BB7-D482-B9B180F66787" localFKIndex="0287ABC2-0435-79CC-5032-3E9058A6742C" name="PRODUCTO_CATEGORIA_FK">
<createdBy>fonat</createdBy>
<createdTime>2026-02-10 02:55:20 UTC</createdTime>
<generatorID>6379A6F2-BE80-9165-6EAD-70E576B28F38</generatorID>
<ownerDesignName>Retail_Solari_SA</ownerDesignName>
<referredTableLongName>CATEGORIA</referredTableLongName>
<deleteRule>NO ACTION</deleteRule>
<referredTableID>96C94BA0-93AE-878F-7BD9-3FA7BEDD4FAD</referredTableID>
<keyObject>0AE34897-11B5-56AD-B0B1-02D75E65EABE</keyObject>
<referredKeyID>0AE34897-11B5-56AD-B0B1-02D75E65EABE</referredKeyID>
<mandatory>true</mandatory>
<refColNames>id_categoria</refColNames>
<transferable>true</transferable>
<rely>false</rely>
<columnDependencyConstraintGenerateInDDL>true</columnDependencyConstraintGenerateInDDL>
</FKIndexAssociation>