<?xml version = '1.0' encoding = 'UTF-8'?>
<FKIndexAssociation class="oracle.dbtools.crest.model.design.relational.FKIndexAssociation" directorySegmentName="seg_0" id="3F6719E0-3029-9CC3-BCD3-FE003F9DABC6" containerWithKeyObject="61ADA819-E7AC-53C3-931F-3603E98C7026" localFKIndex="3E80F703-5B41-6F5A-9416-6B945F39B4FE" name="CLIENTE_COMUNA_FK">
<createdBy>fonat</createdBy>
<createdTime>2026-02-10 02:55:20 UTC</createdTime>
<generatorID>11B20147-563A-EE82-EDE0-423D32DD799A</generatorID>
<ownerDesignName>Retail_Solari_SA</ownerDesignName>
<referredTableLongName>COMUNA</referredTableLongName>
<deleteRule>NO ACTION</deleteRule>
<referredTableID>48067489-201B-314B-03DF-054E662E9426</referredTableID>
<keyObject>63EB3B5D-237E-636F-14D0-51D21C1CDEA9</keyObject>
<referredKeyID>63EB3B5D-237E-636F-14D0-51D21C1CDEA9</referredKeyID>
<mandatory>true</mandatory>
<refColNames>cod_comuna</refColNames>
<transferable>true</transferable>
<rely>false</rely>
<columnDependencyConstraintGenerateInDDL>true</columnDependencyConstraintGenerateInDDL>
</FKIndexAssociation>