<?xml version = '1.0' encoding = 'UTF-8'?>
<FKIndexAssociation class="oracle.dbtools.crest.model.design.relational.FKIndexAssociation" directorySegmentName="seg_0" id="59AA525D-B855-366C-85EF-5854A9945551" containerWithKeyObject="22E8CF16-EA8D-4515-465E-8A956B6B3535" localFKIndex="DA4B4A66-4809-3AC9-AF57-FA8F2336E6C4" name="Relation_12_PROVEEDOR_FK">
<createdBy>fonat</createdBy>
<createdTime>2026-02-10 02:55:20 UTC</createdTime>
<generatorID>78036815-F150-A40A-0473-7968A8093DF2</generatorID>
<ownerDesignName>Retail_Solari_SA</ownerDesignName>
<referredTableLongName>PROVEEDOR</referredTableLongName>
<deleteRule>NO ACTION</deleteRule>
<referredTableID>D8AC7CC5-34D9-DB90-24BF-DB6E928B9412</referredTableID>
<keyObject>A75BB07D-2F9F-CE94-C123-B18FFE7FE991</keyObject>
<referredKeyID>A75BB07D-2F9F-CE94-C123-B18FFE7FE991</referredKeyID>
<mandatory>true</mandatory>
<refColNames>rut</refColNames>
<transferable>true</transferable>
<rely>false</rely>
<columnDependencyConstraintGenerateInDDL>true</columnDependencyConstraintGenerateInDDL>
</FKIndexAssociation>