<?xml version = '1.0' encoding = 'UTF-8'?>
<FKIndexAssociation class="oracle.dbtools.crest.model.design.relational.FKIndexAssociation" directorySegmentName="seg_0" id="685A23EB-200F-CD14-9BBF-A7F7BC03E77E" containerWithKeyObject="EE7F6145-99D5-0730-6F00-6959F46FF9EA" localFKIndex="2967D533-BB53-D726-CB43-1FDD077FD47A" name="SUCURSAL_COMUNA_FK">
<createdBy>fonat</createdBy>
<createdTime>2026-02-10 02:55:20 UTC</createdTime>
<generatorID>0F410463-2375-A45E-B825-0767CDA1513E</generatorID>
<ownerDesignName>Retail_Solari_SA</ownerDesignName>
<referredTableLongName>COMUNA</referredTableLongName>
<deleteRule>NO ACTION</deleteRule>
<referredTableID>48067489-201B-314B-03DF-054E662E9426</referredTableID>
<keyObject>63EB3B5D-237E-636F-14D0-51D21C1CDEA9</keyObject>
<referredKeyID>63EB3B5D-237E-636F-14D0-51D21C1CDEA9</referredKeyID>
<mandatory>true</mandatory>
<refColNames>cod_comuna</refColNames>
<transferable>true</transferable>
<rely>false</rely>
<columnDependencyConstraintGenerateInDDL>true</columnDependencyConstraintGenerateInDDL>
</FKIndexAssociation>