<?xml version = '1.0' encoding = 'UTF-8'?>
<FKIndexAssociation class="oracle.dbtools.crest.model.design.relational.FKIndexAssociation" directorySegmentName="seg_0" id="83BACA42-93F3-6DBF-BEDF-3FE70D3717BA" containerWithKeyObject="48067489-201B-314B-03DF-054E662E9426" localFKIndex="D4CD1DFB-79AE-C80C-D197-1A688E784BC3" name="COMUNA_REGION_FK">
<createdBy>fonat</createdBy>
<createdTime>2026-02-10 02:55:20 UTC</createdTime>
<generatorID>F4DA62D3-0947-7358-A95A-805D43695F7F</generatorID>
<ownerDesignName>Retail_Solari_SA</ownerDesignName>
<referredTableLongName>REGION</referredTableLongName>
<deleteRule>NO ACTION</deleteRule>
<referredTableID>F63375E8-34D1-5CD7-588B-66D527E231B9</referredTableID>
<keyObject>F43537D7-6E69-6A76-3229-19C7FBFF902D</keyObject>
<referredKeyID>F43537D7-6E69-6A76-3229-19C7FBFF902D</referredKeyID>
<mandatory>true</mandatory>
<refColNames>cod_region</refColNames>
<transferable>true</transferable>
<rely>false</rely>
<columnDependencyConstraintGenerateInDDL>true</columnDependencyConstraintGenerateInDDL>
</FKIndexAssociation>