<?xml version = '1.0' encoding = 'UTF-8'?>
<FKIndexAssociation class="oracle.dbtools.crest.model.design.relational.FKIndexAssociation" directorySegmentName="seg_0" id="83BE4728-31C0-8334-451E-74645BB30BF5" containerWithKeyObject="9FAF53E8-869F-3C81-42B2-9EF6069B223A" localFKIndex="DE7A44BA-CCE1-85C2-2381-DC5E799E8FC1" name="BOLETA_CLIENTE_FK">
<createdBy>fonat</createdBy>
<createdTime>2026-02-10 02:55:20 UTC</createdTime>
<generatorID>ED07B549-99A8-34C4-AC3F-ACF8B2F08CDC</generatorID>
<ownerDesignName>Retail_Solari_SA</ownerDesignName>
<referredTableLongName>CLIENTE</referredTableLongName>
<deleteRule>NO ACTION</deleteRule>
<referredTableID>61ADA819-E7AC-53C3-931F-3603E98C7026</referredTableID>
<keyObject>B72E357C-5BDC-E323-0936-1E06C955D0F4</keyObject>
<referredKeyID>B72E357C-5BDC-E323-0936-1E06C955D0F4</referredKeyID>
<mandatory>true</mandatory>
<refColNames>id_cliente</refColNames>
<transferable>true</transferable>
<rely>false</rely>
<columnDependencyConstraintGenerateInDDL>true</columnDependencyConstraintGenerateInDDL>
</FKIndexAssociation>