<?xml version = '1.0' encoding = 'UTF-8'?>
<FKIndexAssociation class="oracle.dbtools.crest.model.design.relational.FKIndexAssociation" directorySegmentName="seg_0" id="8401145F-D9CF-72A9-8B15-1A5B39BEF59D" containerWithKeyObject="9642FCDB-FC40-95F7-54B7-68DE43158A5E" localFKIndex="432456E0-6055-EAD2-D7DF-F07299F2FF57" name="EMPRESA_PROVEEDOR_FK">
<createdBy>fonat</createdBy>
<createdTime>2026-02-10 02:55:20 UTC</createdTime>
<generatorID>9FB1BCBB-E87F-5E6B-6CBB-69DC2D8F4FBA</generatorID>
<ownerDesignName>Retail_Solari_SA</ownerDesignName>
<referredTableLongName>PROVEEDOR</referredTableLongName>
<arc>B31B0A83-F14B-6453-E321-46767B9001FC</arc>
<deleteRule>NO ACTION</deleteRule>
<referredTableID>D8AC7CC5-34D9-DB90-24BF-DB6E928B9412</referredTableID>
<keyObject>A75BB07D-2F9F-CE94-C123-B18FFE7FE991</keyObject>
<referredKeyID>A75BB07D-2F9F-CE94-C123-B18FFE7FE991</referredKeyID>
<mandatory>true</mandatory>
<refColNames>rut</refColNames>
<transferable>true</transferable>
<rely>false</rely>
<discriminatorValue>EMPRESA</discriminatorValue>
<columnDependencyConstraintGenerateInDDL>true</columnDependencyConstraintGenerateInDDL>
</FKIndexAssociation>