<?xml version = '1.0' encoding = 'UTF-8'?>
<FKIndexAssociation class="oracle.dbtools.crest.model.design.relational.FKIndexAssociation" directorySegmentName="seg_0" id="AC4B6984-1AD5-5A73-54EC-EC662D8C07C7" containerWithKeyObject="B69110D1-BD0C-5BB7-D482-B9B180F66787" localFKIndex="3D66BC37-2EED-7D4E-F80E-BD1A0D5046AB" name="PRODUCTO_SUCURSAL_FK">
<createdBy>fonat</createdBy>
<createdTime>2026-02-10 02:55:20 UTC</createdTime>
<generatorID>0126FEE6-AAED-A143-91D5-907A70D7CFE3</generatorID>
<ownerDesignName>Retail_Solari_SA</ownerDesignName>
<referredTableLongName>SUCURSAL</referredTableLongName>
<deleteRule>NO ACTION</deleteRule>
<referredTableID>EE7F6145-99D5-0730-6F00-6959F46FF9EA</referredTableID>
<keyObject>F33DE33E-428B-513D-C46B-E55C289F8763</keyObject>
<referredKeyID>F33DE33E-428B-513D-C46B-E55C289F8763</referredKeyID>
<mandatory>true</mandatory>
<refColNames>sigla</refColNames>
<transferable>true</transferable>
<rely>false</rely>
<columnDependencyConstraintGenerateInDDL>true</columnDependencyConstraintGenerateInDDL>
</FKIndexAssociation>