<?xml version = '1.0' encoding = 'UTF-8'?>
<FKIndexAssociation class="oracle.dbtools.crest.model.design.relational.FKIndexAssociation" directorySegmentName="seg_0" id="B6155453-CB72-E4D3-9F8C-C0DF96298C83" containerWithKeyObject="9FAF53E8-869F-3C81-42B2-9EF6069B223A" localFKIndex="2123804B-D166-5470-EF2D-670A507B0C38" name="BOLETA_SUCURSAL_FK">
<createdBy>fonat</createdBy>
<createdTime>2026-02-10 02:55:20 UTC</createdTime>
<generatorID>8B8D3EEF-6686-6698-FD2C-2B7F716952A6</generatorID>
<ownerDesignName>Retail_Solari_SA</ownerDesignName>
<referredTableLongName>SUCURSAL</referredTableLongName>
<deleteRule>NO ACTION</deleteRule>
<referredTableID>EE7F6145-99D5-0730-6F00-6959F46FF9EA</referredTableID>
<keyObject>F33DE33E-428B-513D-C46B-E55C289F8763</keyObject>
<referredKeyID>F33DE33E-428B-513D-C46B-E55C289F8763</referredKeyID>
<mandatory>true</mandatory>
<refColNames>sigla</refColNames>
<transferable>true</transferable>
<rely>false</rely>
<columnDependencyConstraintGenerateInDDL>true</columnDependencyConstraintGenerateInDDL>
</FKIndexAssociation>