<?xml version = '1.0' encoding = 'UTF-8'?>
<FKIndexAssociation class="oracle.dbtools.crest.model.design.relational.FKIndexAssociation" directorySegmentName="seg_0" id="E34ACDA8-05E3-2AEB-FAD0-4BAECC9018D8" containerWithKeyObject="61EF3016-1493-9034-B00D-14B2A5635C41" localFKIndex="BF6686EC-7117-12B2-C82C-0C9FAECC70F0" name="DETALLE_BOLETA_BOLETA_FK">
<createdBy>fonat</createdBy>
<createdTime>2026-02-10 02:55:20 UTC</createdTime>
<generatorID>8FC085E4-B601-63BD-BD9A-B371A54B8568</generatorID>
<ownerDesignName>Retail_Solari_SA</ownerDesignName>
<referredTableLongName>BOLETA</referredTableLongName>
<deleteRule>NO ACTION</deleteRule>
<referredTableID>9FAF53E8-869F-3C81-42B2-9EF6069B223A</referredTableID>
<keyObject>FDA15318-72B5-D9C2-6013-71DF847FF4AD</keyObject>
<referredKeyID>FDA15318-72B5-D9C2-6013-71DF847FF4AD</referredKeyID>
<mandatory>true</mandatory>
<refColNames>nro_boleta</refColNames>
<transferable>true</transferable>
<rely>false</rely>
<columnDependencyConstraintGenerateInDDL>true</columnDependencyConstraintGenerateInDDL>
</FKIndexAssociation>