<?xml version = '1.0' encoding = 'UTF-8'?>
<FKIndexAssociation class="oracle.dbtools.crest.model.design.relational.FKIndexAssociation" directorySegmentName="seg_0" id="EFA7F14A-84AC-69EB-2A8F-1115FD4A250F" containerWithKeyObject="22E8CF16-EA8D-4515-465E-8A956B6B3535" localFKIndex="1FFC3327-745A-CB6F-B50C-7C5338A795AB" name="Relation_12_PRODUCTO_FK">
<createdBy>fonat</createdBy>
<createdTime>2026-02-10 02:55:20 UTC</createdTime>
<generatorID>78036815-F150-A40A-0473-7968A8093DF2</generatorID>
<ownerDesignName>Retail_Solari_SA</ownerDesignName>
<referredTableLongName>PRODUCTO</referredTableLongName>
<deleteRule>NO ACTION</deleteRule>
<referredTableID>B69110D1-BD0C-5BB7-D482-B9B180F66787</referredTableID>
<keyObject>9F380BF3-989E-4C2D-17CE-A57A2A8CDD2B</keyObject>
<referredKeyID>9F380BF3-989E-4C2D-17CE-A57A2A8CDD2B</referredKeyID>
<mandatory>true</mandatory>
<refColNames>id_producto,SUCURSAL_sigla</refColNames>
<transferable>true</transferable>
<rely>false</rely>
<columnDependencyConstraintGenerateInDDL>true</columnDependencyConstraintGenerateInDDL>
</FKIndexAssociation>