<?xml version = '1.0' encoding = 'UTF-8'?>
<FKIndexAssociation class="oracle.dbtools.crest.model.design.relational.FKIndexAssociation" directorySegmentName="seg_0" id="F5E1C163-BE1E-8EAB-58CD-0CD6C66A36F3" containerWithKeyObject="61EF3016-1493-9034-B00D-14B2A5635C41" localFKIndex="6E181403-A45E-7A1C-D030-5AA03B1BAE16" name="DETALLE_BOLETA_PRODUCTO_FK">
<createdBy>fonat</createdBy>
<createdTime>2026-02-10 02:55:20 UTC</createdTime>
<generatorID>4C568C19-18DB-44C5-196F-F3C64FE5A55A</generatorID>
<ownerDesignName>Retail_Solari_SA</ownerDesignName>
<referredTableLongName>PRODUCTO</referredTableLongName>
<deleteRule>NO ACTION</deleteRule>
<referredTableID>B69110D1-BD0C-5BB7-D482-B9B180F66787</referredTableID>
<keyObject>9F380BF3-989E-4C2D-17CE-A57A2A8CDD2B</keyObject>
<referredKeyID>9F380BF3-989E-4C2D-17CE-A57A2A8CDD2B</referredKeyID>
<mandatory>true</mandatory>
<refColNames>id_producto,SUCURSAL_sigla</refColNames>
<transferable>true</transferable>
<rely>false</rely>
<columnDependencyConstraintGenerateInDDL>true</columnDependencyConstraintGenerateInDDL>
</FKIndexAssociation>